lote,arquivo,categoria,primeiro_frame,ultimo_frame,duracao,evento,prompt,negativo
0,40_FLUXO_A0_respira_piscar.mp4,Fluxo (micro-idle),A0_camera.png,A0_camera.png,4–5 s,,"SCENE LOCK — Static locked-off camera, vertical 9:16 chest-up shot, identical framing to the start frame. The same woman as the start frame: a woman in her mid-twenties with a heart-shaped face and a softly defined jaw; almond-shaped light blue eyes with long natural lashes; straight dark eyebrows; warm golden-tan skin with many small brown freckles across her nose and cheeks; full lips in a natural rosy nude; a sleek glossy jet-black bob cut just below the jaw, center part, one side tucked behind her ear; dewy minimal makeup, wearing a cropped bright coral knit cardigan over a white fitted tank top, small gold hoop earrings, and a thin gold chain necklace with a tiny heart pendant. Live streaming at night in a playful bedroom-studio: a pastel lilac wall with a round neon sign glowing soft pink, shelves with plushies and small plants, and warm fairy lights, background softly out of focus. a white podcast microphone on a short arm with a colorful foam windscreen stays in the lower right corner. Warm 3000K key light, pink and lilac accents in the background, with a soft cool glow from an off-screen monitor on the right. Photorealistic.

ACTION: Almost still: slow calm breathing visible in the shoulders, two natural blinks, the smile softens and returns.

STYLE: Energetic and expressive: bigger smiles, lively head movements, quick bright reactions, but still natural.

LOOP RULES: Starts on the start frame and ends on exactly the same pose as the end frame — facing the camera, looking into the lens with a soft closed-mouth smile, hands out of frame. Hands stay out of frame unless the action brings them up, and they leave the frame again before the end. Relaxed breathing and natural blinks throughout. Camera completely static. Background, microphone and lighting never change. No sound.","camera movement, zoom, pan, dolly, cut, scene change, morphing face, different person, changing hairstyle, changing outfit, missing jewelry, extra fingers, deformed hands, hands lingering in frame, extra people, new objects, flickering light, exposure change, text, subtitles, watermark, logo, exaggerated cartoon expressions, fast motion"
1,41_FLUXO_A0_inclina_cabeca.mp4,Fluxo (micro-idle),A0_camera.png,A0_camera.png,4–5 s,,"SCENE LOCK — Static locked-off camera, vertical 9:16 chest-up shot, identical framing to the start frame. The same woman as the start frame: a woman in her mid-twenties with a heart-shaped face and a softly defined jaw; almond-shaped light blue eyes with long natural lashes; straight dark eyebrows; warm golden-tan skin with many small brown freckles across her nose and cheeks; full lips in a natural rosy nude; a sleek glossy jet-black bob cut just below the jaw, center part, one side tucked behind her ear; dewy minimal makeup, wearing a cropped bright coral knit cardigan over a white fitted tank top, small gold hoop earrings, and a thin gold chain necklace with a tiny heart pendant. Live streaming at night in a playful bedroom-studio: a pastel lilac wall with a round neon sign glowing soft pink, shelves with plushies and small plants, and warm fairy lights, background softly out of focus. a white podcast microphone on a short arm with a colorful foam windscreen stays in the lower right corner. Warm 3000K key light, pink and lilac accents in the background, with a soft cool glow from an off-screen monitor on the right. Photorealistic.

ACTION: She slowly tilts her head a little to one side with a warm look, holds for a moment, and returns upright.

STYLE: Energetic and expressive: bigger smiles, lively head movements, quick bright reactions, but still natural.

LOOP RULES: Starts on the start frame and ends on exactly the same pose as the end frame — facing the camera, looking into the lens with a soft closed-mouth smile, hands out of frame. Hands stay out of frame unless the action brings them up, and they leave the frame again before the end. Relaxed breathing and natural blinks throughout. Camera completely static. Background, microphone and lighting never change. No sound.","camera movement, zoom, pan, dolly, cut, scene change, morphing face, different person, changing hairstyle, changing outfit, missing jewelry, extra fingers, deformed hands, hands lingering in frame, extra people, new objects, flickering light, exposure change, text, subtitles, watermark, logo, exaggerated cartoon expressions, fast motion"
1,42_FLUXO_A0_cabelo.mp4,Fluxo (micro-idle),A0_camera.png,A0_camera.png,4–5 s,,"SCENE LOCK — Static locked-off camera, vertical 9:16 chest-up shot, identical framing to the start frame. The same woman as the start frame: a woman in her mid-twenties with a heart-shaped face and a softly defined jaw; almond-shaped light blue eyes with long natural lashes; straight dark eyebrows; warm golden-tan skin with many small brown freckles across her nose and cheeks; full lips in a natural rosy nude; a sleek glossy jet-black bob cut just below the jaw, center part, one side tucked behind her ear; dewy minimal makeup, wearing a cropped bright coral knit cardigan over a white fitted tank top, small gold hoop earrings, and a thin gold chain necklace with a tiny heart pendant. Live streaming at night in a playful bedroom-studio: a pastel lilac wall with a round neon sign glowing soft pink, shelves with plushies and small plants, and warm fairy lights, background softly out of focus. a white podcast microphone on a short arm with a colorful foam windscreen stays in the lower right corner. Warm 3000K key light, pink and lilac accents in the background, with a soft cool glow from an off-screen monitor on the right. Photorealistic.

ACTION: One hand rises into frame and tucks a strand of hair behind her ear, then lowers out of frame.

STYLE: Energetic and expressive: bigger smiles, lively head movements, quick bright reactions, but still natural.

LOOP RULES: Starts on the start frame and ends on exactly the same pose as the end frame — facing the camera, looking into the lens with a soft closed-mouth smile, hands out of frame. Hands stay out of frame unless the action brings them up, and they leave the frame again before the end. Relaxed breathing and natural blinks throughout. Camera completely static. Background, microphone and lighting never change. No sound.","camera movement, zoom, pan, dolly, cut, scene change, morphing face, different person, changing hairstyle, changing outfit, missing jewelry, extra fingers, deformed hands, hands lingering in frame, extra people, new objects, flickering light, exposure change, text, subtitles, watermark, logo, exaggerated cartoon expressions, fast motion"
1,43_FLUXO_A0_olha_baixo.mp4,Fluxo (micro-idle),A0_camera.png,A0_camera.png,4–5 s,,"SCENE LOCK — Static locked-off camera, vertical 9:16 chest-up shot, identical framing to the start frame. The same woman as the start frame: a woman in her mid-twenties with a heart-shaped face and a softly defined jaw; almond-shaped light blue eyes with long natural lashes; straight dark eyebrows; warm golden-tan skin with many small brown freckles across her nose and cheeks; full lips in a natural rosy nude; a sleek glossy jet-black bob cut just below the jaw, center part, one side tucked behind her ear; dewy minimal makeup, wearing a cropped bright coral knit cardigan over a white fitted tank top, small gold hoop earrings, and a thin gold chain necklace with a tiny heart pendant. Live streaming at night in a playful bedroom-studio: a pastel lilac wall with a round neon sign glowing soft pink, shelves with plushies and small plants, and warm fairy lights, background softly out of focus. a white podcast microphone on a short arm with a colorful foam windscreen stays in the lower right corner. Warm 3000K key light, pink and lilac accents in the background, with a soft cool glow from an off-screen monitor on the right. Photorealistic.

ACTION: Her eyes drop briefly toward the desk below as if checking something, then rise back to the lens with a small smile.

STYLE: Energetic and expressive: bigger smiles, lively head movements, quick bright reactions, but still natural.

LOOP RULES: Starts on the start frame and ends on exactly the same pose as the end frame — facing the camera, looking into the lens with a soft closed-mouth smile, hands out of frame. Hands stay out of frame unless the action brings them up, and they leave the frame again before the end. Relaxed breathing and natural blinks throughout. Camera completely static. Background, microphone and lighting never change. No sound.","camera movement, zoom, pan, dolly, cut, scene change, morphing face, different person, changing hairstyle, changing outfit, missing jewelry, extra fingers, deformed hands, hands lingering in frame, extra people, new objects, flickering light, exposure change, text, subtitles, watermark, logo, exaggerated cartoon expressions, fast motion"
1,44_FLUXO_A0_sorriso_cresce.mp4,Fluxo (micro-idle),A0_camera.png,A0_camera.png,4–5 s,,"SCENE LOCK — Static locked-off camera, vertical 9:16 chest-up shot, identical framing to the start frame. The same woman as the start frame: a woman in her mid-twenties with a heart-shaped face and a softly defined jaw; almond-shaped light blue eyes with long natural lashes; straight dark eyebrows; warm golden-tan skin with many small brown freckles across her nose and cheeks; full lips in a natural rosy nude; a sleek glossy jet-black bob cut just below the jaw, center part, one side tucked behind her ear; dewy minimal makeup, wearing a cropped bright coral knit cardigan over a white fitted tank top, small gold hoop earrings, and a thin gold chain necklace with a tiny heart pendant. Live streaming at night in a playful bedroom-studio: a pastel lilac wall with a round neon sign glowing soft pink, shelves with plushies and small plants, and warm fairy lights, background softly out of focus. a white podcast microphone on a short arm with a colorful foam windscreen stays in the lower right corner. Warm 3000K key light, pink and lilac accents in the background, with a soft cool glow from an off-screen monitor on the right. Photorealistic.

ACTION: Her closed-mouth smile slowly widens into a soft smile showing a hint of teeth, then relaxes back.

STYLE: Energetic and expressive: bigger smiles, lively head movements, quick bright reactions, but still natural.

LOOP RULES: Starts on the start frame and ends on exactly the same pose as the end frame — facing the camera, looking into the lens with a soft closed-mouth smile, hands out of frame. Hands stay out of frame unless the action brings them up, and they leave the frame again before the end. Relaxed breathing and natural blinks throughout. Camera completely static. Background, microphone and lighting never change. No sound.","camera movement, zoom, pan, dolly, cut, scene change, morphing face, different person, changing hairstyle, changing outfit, missing jewelry, extra fingers, deformed hands, hands lingering in frame, extra people, new objects, flickering light, exposure change, text, subtitles, watermark, logo, exaggerated cartoon expressions, fast motion"
0,45_FLUXO_A0_espia_chat.mp4,Fluxo (micro-idle),A0_camera.png,A0_camera.png,4–5 s,,"SCENE LOCK — Static locked-off camera, vertical 9:16 chest-up shot, identical framing to the start frame. The same woman as the start frame: a woman in her mid-twenties with a heart-shaped face and a softly defined jaw; almond-shaped light blue eyes with long natural lashes; straight dark eyebrows; warm golden-tan skin with many small brown freckles across her nose and cheeks; full lips in a natural rosy nude; a sleek glossy jet-black bob cut just below the jaw, center part, one side tucked behind her ear; dewy minimal makeup, wearing a cropped bright coral knit cardigan over a white fitted tank top, small gold hoop earrings, and a thin gold chain necklace with a tiny heart pendant. Live streaming at night in a playful bedroom-studio: a pastel lilac wall with a round neon sign glowing soft pink, shelves with plushies and small plants, and warm fairy lights, background softly out of focus. a white podcast microphone on a short arm with a colorful foam windscreen stays in the lower right corner. Warm 3000K key light, pink and lilac accents in the background, with a soft cool glow from an off-screen monitor on the right. Photorealistic.

ACTION: She glances quickly toward the monitor on the right side of the frame, reads for a second, and looks back at the lens.

STYLE: Energetic and expressive: bigger smiles, lively head movements, quick bright reactions, but still natural.

LOOP RULES: Starts on the start frame and ends on exactly the same pose as the end frame — facing the camera, looking into the lens with a soft closed-mouth smile, hands out of frame. Hands stay out of frame unless the action brings them up, and they leave the frame again before the end. Relaxed breathing and natural blinks throughout. Camera completely static. Background, microphone and lighting never change. No sound.","camera movement, zoom, pan, dolly, cut, scene change, morphing face, different person, changing hairstyle, changing outfit, missing jewelry, extra fingers, deformed hands, hands lingering in frame, extra people, new objects, flickering light, exposure change, text, subtitles, watermark, logo, exaggerated cartoon expressions, fast motion"
2,46_FLUXO_A0_ajusta_postura.mp4,Fluxo (micro-idle),A0_camera.png,A0_camera.png,4–5 s,,"SCENE LOCK — Static locked-off camera, vertical 9:16 chest-up shot, identical framing to the start frame. The same woman as the start frame: a woman in her mid-twenties with a heart-shaped face and a softly defined jaw; almond-shaped light blue eyes with long natural lashes; straight dark eyebrows; warm golden-tan skin with many small brown freckles across her nose and cheeks; full lips in a natural rosy nude; a sleek glossy jet-black bob cut just below the jaw, center part, one side tucked behind her ear; dewy minimal makeup, wearing a cropped bright coral knit cardigan over a white fitted tank top, small gold hoop earrings, and a thin gold chain necklace with a tiny heart pendant. Live streaming at night in a playful bedroom-studio: a pastel lilac wall with a round neon sign glowing soft pink, shelves with plushies and small plants, and warm fairy lights, background softly out of focus. a white podcast microphone on a short arm with a colorful foam windscreen stays in the lower right corner. Warm 3000K key light, pink and lilac accents in the background, with a soft cool glow from an off-screen monitor on the right. Photorealistic.

ACTION: She straightens her posture, rolling her shoulders slightly back, and settles comfortably.

STYLE: Energetic and expressive: bigger smiles, lively head movements, quick bright reactions, but still natural.

LOOP RULES: Starts on the start frame and ends on exactly the same pose as the end frame — facing the camera, looking into the lens with a soft closed-mouth smile, hands out of frame. Hands stay out of frame unless the action brings them up, and they leave the frame again before the end. Relaxed breathing and natural blinks throughout. Camera completely static. Background, microphone and lighting never change. No sound.","camera movement, zoom, pan, dolly, cut, scene change, morphing face, different person, changing hairstyle, changing outfit, missing jewelry, extra fingers, deformed hands, hands lingering in frame, extra people, new objects, flickering light, exposure change, text, subtitles, watermark, logo, exaggerated cartoon expressions, fast motion"
2,47_FLUXO_A0_suspiro.mp4,Fluxo (micro-idle),A0_camera.png,A0_camera.png,4–5 s,,"SCENE LOCK — Static locked-off camera, vertical 9:16 chest-up shot, identical framing to the start frame. The same woman as the start frame: a woman in her mid-twenties with a heart-shaped face and a softly defined jaw; almond-shaped light blue eyes with long natural lashes; straight dark eyebrows; warm golden-tan skin with many small brown freckles across her nose and cheeks; full lips in a natural rosy nude; a sleek glossy jet-black bob cut just below the jaw, center part, one side tucked behind her ear; dewy minimal makeup, wearing a cropped bright coral knit cardigan over a white fitted tank top, small gold hoop earrings, and a thin gold chain necklace with a tiny heart pendant. Live streaming at night in a playful bedroom-studio: a pastel lilac wall with a round neon sign glowing soft pink, shelves with plushies and small plants, and warm fairy lights, background softly out of focus. a white podcast microphone on a short arm with a colorful foam windscreen stays in the lower right corner. Warm 3000K key light, pink and lilac accents in the background, with a soft cool glow from an off-screen monitor on the right. Photorealistic.

ACTION: A calm, content sigh: shoulders rise and fall softly, eyes close for a second and reopen toward the lens.

STYLE: Energetic and expressive: bigger smiles, lively head movements, quick bright reactions, but still natural.

LOOP RULES: Starts on the start frame and ends on exactly the same pose as the end frame — facing the camera, looking into the lens with a soft closed-mouth smile, hands out of frame. Hands stay out of frame unless the action brings them up, and they leave the frame again before the end. Relaxed breathing and natural blinks throughout. Camera completely static. Background, microphone and lighting never change. No sound.","camera movement, zoom, pan, dolly, cut, scene change, morphing face, different person, changing hairstyle, changing outfit, missing jewelry, extra fingers, deformed hands, hands lingering in frame, extra people, new objects, flickering light, exposure change, text, subtitles, watermark, logo, exaggerated cartoon expressions, fast motion"
2,48_FLUXO_A0_acessorio.mp4,Fluxo (micro-idle),A0_camera.png,A0_camera.png,4–5 s,,"SCENE LOCK — Static locked-off camera, vertical 9:16 chest-up shot, identical framing to the start frame. The same woman as the start frame: a woman in her mid-twenties with a heart-shaped face and a softly defined jaw; almond-shaped light blue eyes with long natural lashes; straight dark eyebrows; warm golden-tan skin with many small brown freckles across her nose and cheeks; full lips in a natural rosy nude; a sleek glossy jet-black bob cut just below the jaw, center part, one side tucked behind her ear; dewy minimal makeup, wearing a cropped bright coral knit cardigan over a white fitted tank top, small gold hoop earrings, and a thin gold chain necklace with a tiny heart pendant. Live streaming at night in a playful bedroom-studio: a pastel lilac wall with a round neon sign glowing soft pink, shelves with plushies and small plants, and warm fairy lights, background softly out of focus. a white podcast microphone on a short arm with a colorful foam windscreen stays in the lower right corner. Warm 3000K key light, pink and lilac accents in the background, with a soft cool glow from an off-screen monitor on the right. Photorealistic.

ACTION: One hand rises into frame and lightly touches her necklace or earring, then lowers out of frame.

STYLE: Energetic and expressive: bigger smiles, lively head movements, quick bright reactions, but still natural.

LOOP RULES: Starts on the start frame and ends on exactly the same pose as the end frame — facing the camera, looking into the lens with a soft closed-mouth smile, hands out of frame. Hands stay out of frame unless the action brings them up, and they leave the frame again before the end. Relaxed breathing and natural blinks throughout. Camera completely static. Background, microphone and lighting never change. No sound.","camera movement, zoom, pan, dolly, cut, scene change, morphing face, different person, changing hairstyle, changing outfit, missing jewelry, extra fingers, deformed hands, hands lingering in frame, extra people, new objects, flickering light, exposure change, text, subtitles, watermark, logo, exaggerated cartoon expressions, fast motion"
2,49_FLUXO_A0_balanca_musica.mp4,Fluxo (micro-idle),A0_camera.png,A0_camera.png,4–5 s,,"SCENE LOCK — Static locked-off camera, vertical 9:16 chest-up shot, identical framing to the start frame. The same woman as the start frame: a woman in her mid-twenties with a heart-shaped face and a softly defined jaw; almond-shaped light blue eyes with long natural lashes; straight dark eyebrows; warm golden-tan skin with many small brown freckles across her nose and cheeks; full lips in a natural rosy nude; a sleek glossy jet-black bob cut just below the jaw, center part, one side tucked behind her ear; dewy minimal makeup, wearing a cropped bright coral knit cardigan over a white fitted tank top, small gold hoop earrings, and a thin gold chain necklace with a tiny heart pendant. Live streaming at night in a playful bedroom-studio: a pastel lilac wall with a round neon sign glowing soft pink, shelves with plushies and small plants, and warm fairy lights, background softly out of focus. a white podcast microphone on a short arm with a colorful foam windscreen stays in the lower right corner. Warm 3000K key light, pink and lilac accents in the background, with a soft cool glow from an off-screen monitor on the right. Photorealistic.

ACTION: She sways very gently side to side as if enjoying soft background music, a relaxed small smile.

STYLE: Energetic and expressive: bigger smiles, lively head movements, quick bright reactions, but still natural.

LOOP RULES: Starts on the start frame and ends on exactly the same pose as the end frame — facing the camera, looking into the lens with a soft closed-mouth smile, hands out of frame. Hands stay out of frame unless the action brings them up, and they leave the frame again before the end. Relaxed breathing and natural blinks throughout. Camera completely static. Background, microphone and lighting never change. No sound.","camera movement, zoom, pan, dolly, cut, scene change, morphing face, different person, changing hairstyle, changing outfit, missing jewelry, extra fingers, deformed hands, hands lingering in frame, extra people, new objects, flickering light, exposure change, text, subtitles, watermark, logo, exaggerated cartoon expressions, fast motion"
2,50_FLUXO_A0_olha_longe.mp4,Fluxo (micro-idle),A0_camera.png,A0_camera.png,4–5 s,,"SCENE LOCK — Static locked-off camera, vertical 9:16 chest-up shot, identical framing to the start frame. The same woman as the start frame: a woman in her mid-twenties with a heart-shaped face and a softly defined jaw; almond-shaped light blue eyes with long natural lashes; straight dark eyebrows; warm golden-tan skin with many small brown freckles across her nose and cheeks; full lips in a natural rosy nude; a sleek glossy jet-black bob cut just below the jaw, center part, one side tucked behind her ear; dewy minimal makeup, wearing a cropped bright coral knit cardigan over a white fitted tank top, small gold hoop earrings, and a thin gold chain necklace with a tiny heart pendant. Live streaming at night in a playful bedroom-studio: a pastel lilac wall with a round neon sign glowing soft pink, shelves with plushies and small plants, and warm fairy lights, background softly out of focus. a white podcast microphone on a short arm with a colorful foam windscreen stays in the lower right corner. Warm 3000K key light, pink and lilac accents in the background, with a soft cool glow from an off-screen monitor on the right. Photorealistic.

ACTION: Her gaze drifts dreamily off to the left for a few seconds, then returns to the lens.

STYLE: Energetic and expressive: bigger smiles, lively head movements, quick bright reactions, but still natural.

LOOP RULES: Starts on the start frame and ends on exactly the same pose as the end frame — facing the camera, looking into the lens with a soft closed-mouth smile, hands out of frame. Hands stay out of frame unless the action brings them up, and they leave the frame again before the end. Relaxed breathing and natural blinks throughout. Camera completely static. Background, microphone and lighting never change. No sound.","camera movement, zoom, pan, dolly, cut, scene change, morphing face, different person, changing hairstyle, changing outfit, missing jewelry, extra fingers, deformed hands, hands lingering in frame, extra people, new objects, flickering light, exposure change, text, subtitles, watermark, logo, exaggerated cartoon expressions, fast motion"
2,51_FLUXO_A0_labios.mp4,Fluxo (micro-idle),A0_camera.png,A0_camera.png,4–5 s,,"SCENE LOCK — Static locked-off camera, vertical 9:16 chest-up shot, identical framing to the start frame. The same woman as the start frame: a woman in her mid-twenties with a heart-shaped face and a softly defined jaw; almond-shaped light blue eyes with long natural lashes; straight dark eyebrows; warm golden-tan skin with many small brown freckles across her nose and cheeks; full lips in a natural rosy nude; a sleek glossy jet-black bob cut just below the jaw, center part, one side tucked behind her ear; dewy minimal makeup, wearing a cropped bright coral knit cardigan over a white fitted tank top, small gold hoop earrings, and a thin gold chain necklace with a tiny heart pendant. Live streaming at night in a playful bedroom-studio: a pastel lilac wall with a round neon sign glowing soft pink, shelves with plushies and small plants, and warm fairy lights, background softly out of focus. a white podcast microphone on a short arm with a colorful foam windscreen stays in the lower right corner. Warm 3000K key light, pink and lilac accents in the background, with a soft cool glow from an off-screen monitor on the right. Photorealistic.

ACTION: She presses her lips together softly and relaxes them, a subtle playful look into the lens.

STYLE: Energetic and expressive: bigger smiles, lively head movements, quick bright reactions, but still natural.

LOOP RULES: Starts on the start frame and ends on exactly the same pose as the end frame — facing the camera, looking into the lens with a soft closed-mouth smile, hands out of frame. Hands stay out of frame unless the action brings them up, and they leave the frame again before the end. Relaxed breathing and natural blinks throughout. Camera completely static. Background, microphone and lighting never change. No sound.","camera movement, zoom, pan, dolly, cut, scene change, morphing face, different person, changing hairstyle, changing outfit, missing jewelry, extra fingers, deformed hands, hands lingering in frame, extra people, new objects, flickering light, exposure change, text, subtitles, watermark, logo, exaggerated cartoon expressions, fast motion"
0,52_TRANSICAO_A0-A1_vira_chat.mp4,Transição,A0_camera.png,A1_chat.png,2–3 s,,"SCENE LOCK — Static locked-off camera, vertical 9:16 chest-up shot, identical framing to the start frame. The same woman as the start frame: a woman in her mid-twenties with a heart-shaped face and a softly defined jaw; almond-shaped light blue eyes with long natural lashes; straight dark eyebrows; warm golden-tan skin with many small brown freckles across her nose and cheeks; full lips in a natural rosy nude; a sleek glossy jet-black bob cut just below the jaw, center part, one side tucked behind her ear; dewy minimal makeup, wearing a cropped bright coral knit cardigan over a white fitted tank top, small gold hoop earrings, and a thin gold chain necklace with a tiny heart pendant. Live streaming at night in a playful bedroom-studio: a pastel lilac wall with a round neon sign glowing soft pink, shelves with plushies and small plants, and warm fairy lights, background softly out of focus. a white podcast microphone on a short arm with a colorful foam windscreen stays in the lower right corner. Warm 3000K key light, pink and lilac accents in the background, with a soft cool glow from an off-screen monitor on the right. Photorealistic.

ACTION: She turns her head toward the monitor on the right side of the frame to read the chat.

STYLE: Energetic and expressive: bigger smiles, lively head movements, quick bright reactions, but still natural.

TRANSITION RULES: Starts on the start frame — facing the camera, looking into the lens with a soft closed-mouth smile, hands out of frame — and ends on exactly the pose of the end frame — head turned toward the right side of the frame, reading an off-screen monitor, hands out of frame. Hands stay out of frame unless the action brings them up, and they leave the frame again before the end. Relaxed breathing and natural blinks throughout. Camera completely static. Background, microphone and lighting never change. No sound.","camera movement, zoom, pan, dolly, cut, scene change, morphing face, different person, changing hairstyle, changing outfit, missing jewelry, extra fingers, deformed hands, hands lingering in frame, extra people, new objects, flickering light, exposure change, text, subtitles, watermark, logo, exaggerated cartoon expressions, fast motion"
0,53_TRANSICAO_A1-A0_volta_camera.mp4,Transição,A1_chat.png,A0_camera.png,2–3 s,,"SCENE LOCK — Static locked-off camera, vertical 9:16 chest-up shot, identical framing to the start frame. The same woman as the start frame: a woman in her mid-twenties with a heart-shaped face and a softly defined jaw; almond-shaped light blue eyes with long natural lashes; straight dark eyebrows; warm golden-tan skin with many small brown freckles across her nose and cheeks; full lips in a natural rosy nude; a sleek glossy jet-black bob cut just below the jaw, center part, one side tucked behind her ear; dewy minimal makeup, wearing a cropped bright coral knit cardigan over a white fitted tank top, small gold hoop earrings, and a thin gold chain necklace with a tiny heart pendant. Live streaming at night in a playful bedroom-studio: a pastel lilac wall with a round neon sign glowing soft pink, shelves with plushies and small plants, and warm fairy lights, background softly out of focus. a white podcast microphone on a short arm with a colorful foam windscreen stays in the lower right corner. Warm 3000K key light, pink and lilac accents in the background, with a soft cool glow from an off-screen monitor on the right. Photorealistic.

ACTION: She turns her head from the monitor back to the lens with a soft smile.

STYLE: Energetic and expressive: bigger smiles, lively head movements, quick bright reactions, but still natural.

TRANSITION RULES: Starts on the start frame — head turned toward the right side of the frame, reading an off-screen monitor, hands out of frame — and ends on exactly the pose of the end frame — facing the camera, looking into the lens with a soft closed-mouth smile, hands out of frame. Hands stay out of frame unless the action brings them up, and they leave the frame again before the end. Relaxed breathing and natural blinks throughout. Camera completely static. Background, microphone and lighting never change. No sound.","camera movement, zoom, pan, dolly, cut, scene change, morphing face, different person, changing hairstyle, changing outfit, missing jewelry, extra fingers, deformed hands, hands lingering in frame, extra people, new objects, flickering light, exposure change, text, subtitles, watermark, logo, exaggerated cartoon expressions, fast motion"
1,54_TRANSICAO_A0-A2_encosta.mp4,Transição,A0_camera.png,A2_relaxada.png,2–3 s,,"SCENE LOCK — Static locked-off camera, vertical 9:16 chest-up shot, identical framing to the start frame. The same woman as the start frame: a woman in her mid-twenties with a heart-shaped face and a softly defined jaw; almond-shaped light blue eyes with long natural lashes; straight dark eyebrows; warm golden-tan skin with many small brown freckles across her nose and cheeks; full lips in a natural rosy nude; a sleek glossy jet-black bob cut just below the jaw, center part, one side tucked behind her ear; dewy minimal makeup, wearing a cropped bright coral knit cardigan over a white fitted tank top, small gold hoop earrings, and a thin gold chain necklace with a tiny heart pendant. Live streaming at night in a playful bedroom-studio: a pastel lilac wall with a round neon sign glowing soft pink, shelves with plushies and small plants, and warm fairy lights, background softly out of focus. a white podcast microphone on a short arm with a colorful foam windscreen stays in the lower right corner. Warm 3000K key light, pink and lilac accents in the background, with a soft cool glow from an off-screen monitor on the right. Photorealistic.

ACTION: She leans back comfortably into the chair and relaxes her shoulders.

STYLE: Energetic and expressive: bigger smiles, lively head movements, quick bright reactions, but still natural.

TRANSITION RULES: Starts on the start frame — facing the camera, looking into the lens with a soft closed-mouth smile, hands out of frame — and ends on exactly the pose of the end frame — leaning back slightly in the chair, calm half-smile at the lens, hands out of frame. Hands stay out of frame unless the action brings them up, and they leave the frame again before the end. Relaxed breathing and natural blinks throughout. Camera completely static. Background, microphone and lighting never change. No sound.","camera movement, zoom, pan, dolly, cut, scene change, morphing face, different person, changing hairstyle, changing outfit, missing jewelry, extra fingers, deformed hands, hands lingering in frame, extra people, new objects, flickering light, exposure change, text, subtitles, watermark, logo, exaggerated cartoon expressions, fast motion"
1,55_TRANSICAO_A2-A0_volta.mp4,Transição,A2_relaxada.png,A0_camera.png,2–3 s,,"SCENE LOCK — Static locked-off camera, vertical 9:16 chest-up shot, identical framing to the start frame. The same woman as the start frame: a woman in her mid-twenties with a heart-shaped face and a softly defined jaw; almond-shaped light blue eyes with long natural lashes; straight dark eyebrows; warm golden-tan skin with many small brown freckles across her nose and cheeks; full lips in a natural rosy nude; a sleek glossy jet-black bob cut just below the jaw, center part, one side tucked behind her ear; dewy minimal makeup, wearing a cropped bright coral knit cardigan over a white fitted tank top, small gold hoop earrings, and a thin gold chain necklace with a tiny heart pendant. Live streaming at night in a playful bedroom-studio: a pastel lilac wall with a round neon sign glowing soft pink, shelves with plushies and small plants, and warm fairy lights, background softly out of focus. a white podcast microphone on a short arm with a colorful foam windscreen stays in the lower right corner. Warm 3000K key light, pink and lilac accents in the background, with a soft cool glow from an off-screen monitor on the right. Photorealistic.

ACTION: She sits up from the backrest toward the camera, smiling at the lens.

STYLE: Energetic and expressive: bigger smiles, lively head movements, quick bright reactions, but still natural.

TRANSITION RULES: Starts on the start frame — leaning back slightly in the chair, calm half-smile at the lens, hands out of frame — and ends on exactly the pose of the end frame — facing the camera, looking into the lens with a soft closed-mouth smile, hands out of frame. Hands stay out of frame unless the action brings them up, and they leave the frame again before the end. Relaxed breathing and natural blinks throughout. Camera completely static. Background, microphone and lighting never change. No sound.","camera movement, zoom, pan, dolly, cut, scene change, morphing face, different person, changing hairstyle, changing outfit, missing jewelry, extra fingers, deformed hands, hands lingering in frame, extra people, new objects, flickering light, exposure change, text, subtitles, watermark, logo, exaggerated cartoon expressions, fast motion"
1,56_TRANSICAO_A0-A3_aproxima.mp4,Transição,A0_camera.png,A3_perto.png,2–3 s,,"SCENE LOCK — Static locked-off camera, vertical 9:16 chest-up shot, identical framing to the start frame. The same woman as the start frame: a woman in her mid-twenties with a heart-shaped face and a softly defined jaw; almond-shaped light blue eyes with long natural lashes; straight dark eyebrows; warm golden-tan skin with many small brown freckles across her nose and cheeks; full lips in a natural rosy nude; a sleek glossy jet-black bob cut just below the jaw, center part, one side tucked behind her ear; dewy minimal makeup, wearing a cropped bright coral knit cardigan over a white fitted tank top, small gold hoop earrings, and a thin gold chain necklace with a tiny heart pendant. Live streaming at night in a playful bedroom-studio: a pastel lilac wall with a round neon sign glowing soft pink, shelves with plushies and small plants, and warm fairy lights, background softly out of focus. a white podcast microphone on a short arm with a colorful foam windscreen stays in the lower right corner. Warm 3000K key light, pink and lilac accents in the background, with a soft cool glow from an off-screen monitor on the right. Photorealistic.

ACTION: She leans forward toward the camera and rests her forearms on the desk, hands coming together at the bottom edge.

STYLE: Energetic and expressive: bigger smiles, lively head movements, quick bright reactions, but still natural.

TRANSITION RULES: Starts on the start frame — facing the camera, looking into the lens with a soft closed-mouth smile, hands out of frame — and ends on exactly the pose of the end frame — leaning toward the camera, forearms on the desk, hands together at the bottom edge, warm smile. Hands stay out of frame unless the action brings them up, and they leave the frame again before the end. Relaxed breathing and natural blinks throughout. Camera completely static. Background, microphone and lighting never change. No sound.","camera movement, zoom, pan, dolly, cut, scene change, morphing face, different person, changing hairstyle, changing outfit, missing jewelry, extra fingers, deformed hands, hands lingering in frame, extra people, new objects, flickering light, exposure change, text, subtitles, watermark, logo, exaggerated cartoon expressions, fast motion"
1,57_TRANSICAO_A3-A0_recua.mp4,Transição,A3_perto.png,A0_camera.png,2–3 s,,"SCENE LOCK — Static locked-off camera, vertical 9:16 chest-up shot, identical framing to the start frame. The same woman as the start frame: a woman in her mid-twenties with a heart-shaped face and a softly defined jaw; almond-shaped light blue eyes with long natural lashes; straight dark eyebrows; warm golden-tan skin with many small brown freckles across her nose and cheeks; full lips in a natural rosy nude; a sleek glossy jet-black bob cut just below the jaw, center part, one side tucked behind her ear; dewy minimal makeup, wearing a cropped bright coral knit cardigan over a white fitted tank top, small gold hoop earrings, and a thin gold chain necklace with a tiny heart pendant. Live streaming at night in a playful bedroom-studio: a pastel lilac wall with a round neon sign glowing soft pink, shelves with plushies and small plants, and warm fairy lights, background softly out of focus. a white podcast microphone on a short arm with a colorful foam windscreen stays in the lower right corner. Warm 3000K key light, pink and lilac accents in the background, with a soft cool glow from an off-screen monitor on the right. Photorealistic.

ACTION: She sits back from the desk, hands lowering out of frame, soft smile to the lens.

STYLE: Energetic and expressive: bigger smiles, lively head movements, quick bright reactions, but still natural.

TRANSITION RULES: Starts on the start frame — leaning toward the camera, forearms on the desk, hands together at the bottom edge, warm smile — and ends on exactly the pose of the end frame — facing the camera, looking into the lens with a soft closed-mouth smile, hands out of frame. Hands stay out of frame unless the action brings them up, and they leave the frame again before the end. Relaxed breathing and natural blinks throughout. Camera completely static. Background, microphone and lighting never change. No sound.","camera movement, zoom, pan, dolly, cut, scene change, morphing face, different person, changing hairstyle, changing outfit, missing jewelry, extra fingers, deformed hands, hands lingering in frame, extra people, new objects, flickering light, exposure change, text, subtitles, watermark, logo, exaggerated cartoon expressions, fast motion"
1,58_FLUXO_A1_lendo.mp4,Fluxo (micro-idle),A1_chat.png,A1_chat.png,4–5 s,,"SCENE LOCK — Static locked-off camera, vertical 9:16 chest-up shot, identical framing to the start frame. The same woman as the start frame: a woman in her mid-twenties with a heart-shaped face and a softly defined jaw; almond-shaped light blue eyes with long natural lashes; straight dark eyebrows; warm golden-tan skin with many small brown freckles across her nose and cheeks; full lips in a natural rosy nude; a sleek glossy jet-black bob cut just below the jaw, center part, one side tucked behind her ear; dewy minimal makeup, wearing a cropped bright coral knit cardigan over a white fitted tank top, small gold hoop earrings, and a thin gold chain necklace with a tiny heart pendant. Live streaming at night in a playful bedroom-studio: a pastel lilac wall with a round neon sign glowing soft pink, shelves with plushies and small plants, and warm fairy lights, background softly out of focus. a white podcast microphone on a short arm with a colorful foam windscreen stays in the lower right corner. Warm 3000K key light, pink and lilac accents in the background, with a soft cool glow from an off-screen monitor on the right. Photorealistic.

ACTION: Reading the screen: eyes move along lines of text, occasional blink, calm attention.

STYLE: Energetic and expressive: bigger smiles, lively head movements, quick bright reactions, but still natural.

LOOP RULES: Starts on the start frame and ends on exactly the same pose as the end frame — head turned toward the right side of the frame, reading an off-screen monitor, hands out of frame. Hands stay out of frame unless the action brings them up, and they leave the frame again before the end. Relaxed breathing and natural blinks throughout. Camera completely static. Background, microphone and lighting never change. No sound.","camera movement, zoom, pan, dolly, cut, scene change, morphing face, different person, changing hairstyle, changing outfit, missing jewelry, extra fingers, deformed hands, hands lingering in frame, extra people, new objects, flickering light, exposure change, text, subtitles, watermark, logo, exaggerated cartoon expressions, fast motion"
1,59_FLUXO_A1_ri_do_chat.mp4,Fluxo (micro-idle),A1_chat.png,A1_chat.png,4–5 s,,"SCENE LOCK — Static locked-off camera, vertical 9:16 chest-up shot, identical framing to the start frame. The same woman as the start frame: a woman in her mid-twenties with a heart-shaped face and a softly defined jaw; almond-shaped light blue eyes with long natural lashes; straight dark eyebrows; warm golden-tan skin with many small brown freckles across her nose and cheeks; full lips in a natural rosy nude; a sleek glossy jet-black bob cut just below the jaw, center part, one side tucked behind her ear; dewy minimal makeup, wearing a cropped bright coral knit cardigan over a white fitted tank top, small gold hoop earrings, and a thin gold chain necklace with a tiny heart pendant. Live streaming at night in a playful bedroom-studio: a pastel lilac wall with a round neon sign glowing soft pink, shelves with plushies and small plants, and warm fairy lights, background softly out of focus. a white podcast microphone on a short arm with a colorful foam windscreen stays in the lower right corner. Warm 3000K key light, pink and lilac accents in the background, with a soft cool glow from an off-screen monitor on the right. Photorealistic.

ACTION: She reads something funny and laughs softly, shoulders shaking lightly, then settles back to reading.

STYLE: Energetic and expressive: bigger smiles, lively head movements, quick bright reactions, but still natural.

LOOP RULES: Starts on the start frame and ends on exactly the same pose as the end frame — head turned toward the right side of the frame, reading an off-screen monitor, hands out of frame. Hands stay out of frame unless the action brings them up, and they leave the frame again before the end. Relaxed breathing and natural blinks throughout. Camera completely static. Background, microphone and lighting never change. No sound.","camera movement, zoom, pan, dolly, cut, scene change, morphing face, different person, changing hairstyle, changing outfit, missing jewelry, extra fingers, deformed hands, hands lingering in frame, extra people, new objects, flickering light, exposure change, text, subtitles, watermark, logo, exaggerated cartoon expressions, fast motion"
1,60_FLUXO_A1_digita.mp4,Fluxo (micro-idle),A1_chat.png,A1_chat.png,4–5 s,,"SCENE LOCK — Static locked-off camera, vertical 9:16 chest-up shot, identical framing to the start frame. The same woman as the start frame: a woman in her mid-twenties with a heart-shaped face and a softly defined jaw; almond-shaped light blue eyes with long natural lashes; straight dark eyebrows; warm golden-tan skin with many small brown freckles across her nose and cheeks; full lips in a natural rosy nude; a sleek glossy jet-black bob cut just below the jaw, center part, one side tucked behind her ear; dewy minimal makeup, wearing a cropped bright coral knit cardigan over a white fitted tank top, small gold hoop earrings, and a thin gold chain necklace with a tiny heart pendant. Live streaming at night in a playful bedroom-studio: a pastel lilac wall with a round neon sign glowing soft pink, shelves with plushies and small plants, and warm fairy lights, background softly out of focus. a white podcast microphone on a short arm with a colorful foam windscreen stays in the lower right corner. Warm 3000K key light, pink and lilac accents in the background, with a soft cool glow from an off-screen monitor on the right. Photorealistic.

ACTION: She types a short reply below the frame — shoulders and arms move subtly as she types — still looking at the screen.

STYLE: Energetic and expressive: bigger smiles, lively head movements, quick bright reactions, but still natural.

LOOP RULES: Starts on the start frame and ends on exactly the same pose as the end frame — head turned toward the right side of the frame, reading an off-screen monitor, hands out of frame. Hands stay out of frame unless the action brings them up, and they leave the frame again before the end. Relaxed breathing and natural blinks throughout. Camera completely static. Background, microphone and lighting never change. No sound.","camera movement, zoom, pan, dolly, cut, scene change, morphing face, different person, changing hairstyle, changing outfit, missing jewelry, extra fingers, deformed hands, hands lingering in frame, extra people, new objects, flickering light, exposure change, text, subtitles, watermark, logo, exaggerated cartoon expressions, fast motion"
2,61_FLUXO_A1_assente.mp4,Fluxo (micro-idle),A1_chat.png,A1_chat.png,4–5 s,,"SCENE LOCK — Static locked-off camera, vertical 9:16 chest-up shot, identical framing to the start frame. The same woman as the start frame: a woman in her mid-twenties with a heart-shaped face and a softly defined jaw; almond-shaped light blue eyes with long natural lashes; straight dark eyebrows; warm golden-tan skin with many small brown freckles across her nose and cheeks; full lips in a natural rosy nude; a sleek glossy jet-black bob cut just below the jaw, center part, one side tucked behind her ear; dewy minimal makeup, wearing a cropped bright coral knit cardigan over a white fitted tank top, small gold hoop earrings, and a thin gold chain necklace with a tiny heart pendant. Live streaming at night in a playful bedroom-studio: a pastel lilac wall with a round neon sign glowing soft pink, shelves with plushies and small plants, and warm fairy lights, background softly out of focus. a white podcast microphone on a short arm with a colorful foam windscreen stays in the lower right corner. Warm 3000K key light, pink and lilac accents in the background, with a soft cool glow from an off-screen monitor on the right. Photorealistic.

ACTION: She nods slowly in agreement with what she reads, a small smile.

STYLE: Energetic and expressive: bigger smiles, lively head movements, quick bright reactions, but still natural.

LOOP RULES: Starts on the start frame and ends on exactly the same pose as the end frame — head turned toward the right side of the frame, reading an off-screen monitor, hands out of frame. Hands stay out of frame unless the action brings them up, and they leave the frame again before the end. Relaxed breathing and natural blinks throughout. Camera completely static. Background, microphone and lighting never change. No sound.","camera movement, zoom, pan, dolly, cut, scene change, morphing face, different person, changing hairstyle, changing outfit, missing jewelry, extra fingers, deformed hands, hands lingering in frame, extra people, new objects, flickering light, exposure change, text, subtitles, watermark, logo, exaggerated cartoon expressions, fast motion"
2,62_FLUXO_A1_sobrancelha.mp4,Fluxo (micro-idle),A1_chat.png,A1_chat.png,4–5 s,,"SCENE LOCK — Static locked-off camera, vertical 9:16 chest-up shot, identical framing to the start frame. The same woman as the start frame: a woman in her mid-twenties with a heart-shaped face and a softly defined jaw; almond-shaped light blue eyes with long natural lashes; straight dark eyebrows; warm golden-tan skin with many small brown freckles across her nose and cheeks; full lips in a natural rosy nude; a sleek glossy jet-black bob cut just below the jaw, center part, one side tucked behind her ear; dewy minimal makeup, wearing a cropped bright coral knit cardigan over a white fitted tank top, small gold hoop earrings, and a thin gold chain necklace with a tiny heart pendant. Live streaming at night in a playful bedroom-studio: a pastel lilac wall with a round neon sign glowing soft pink, shelves with plushies and small plants, and warm fairy lights, background softly out of focus. a white podcast microphone on a short arm with a colorful foam windscreen stays in the lower right corner. Warm 3000K key light, pink and lilac accents in the background, with a soft cool glow from an off-screen monitor on the right. Photorealistic.

ACTION: She raises one eyebrow with an amused, curious look at the screen, then relaxes.

STYLE: Energetic and expressive: bigger smiles, lively head movements, quick bright reactions, but still natural.

LOOP RULES: Starts on the start frame and ends on exactly the same pose as the end frame — head turned toward the right side of the frame, reading an off-screen monitor, hands out of frame. Hands stay out of frame unless the action brings them up, and they leave the frame again before the end. Relaxed breathing and natural blinks throughout. Camera completely static. Background, microphone and lighting never change. No sound.","camera movement, zoom, pan, dolly, cut, scene change, morphing face, different person, changing hairstyle, changing outfit, missing jewelry, extra fingers, deformed hands, hands lingering in frame, extra people, new objects, flickering light, exposure change, text, subtitles, watermark, logo, exaggerated cartoon expressions, fast motion"
2,63_FLUXO_A1_morde_labio.mp4,Fluxo (micro-idle),A1_chat.png,A1_chat.png,4–5 s,,"SCENE LOCK — Static locked-off camera, vertical 9:16 chest-up shot, identical framing to the start frame. The same woman as the start frame: a woman in her mid-twenties with a heart-shaped face and a softly defined jaw; almond-shaped light blue eyes with long natural lashes; straight dark eyebrows; warm golden-tan skin with many small brown freckles across her nose and cheeks; full lips in a natural rosy nude; a sleek glossy jet-black bob cut just below the jaw, center part, one side tucked behind her ear; dewy minimal makeup, wearing a cropped bright coral knit cardigan over a white fitted tank top, small gold hoop earrings, and a thin gold chain necklace with a tiny heart pendant. Live streaming at night in a playful bedroom-studio: a pastel lilac wall with a round neon sign glowing soft pink, shelves with plushies and small plants, and warm fairy lights, background softly out of focus. a white podcast microphone on a short arm with a colorful foam windscreen stays in the lower right corner. Warm 3000K key light, pink and lilac accents in the background, with a soft cool glow from an off-screen monitor on the right. Photorealistic.

ACTION: Concentrated on the screen, she lightly bites her lower lip while reading, then relaxes.

STYLE: Energetic and expressive: bigger smiles, lively head movements, quick bright reactions, but still natural.

LOOP RULES: Starts on the start frame and ends on exactly the same pose as the end frame — head turned toward the right side of the frame, reading an off-screen monitor, hands out of frame. Hands stay out of frame unless the action brings them up, and they leave the frame again before the end. Relaxed breathing and natural blinks throughout. Camera completely static. Background, microphone and lighting never change. No sound.","camera movement, zoom, pan, dolly, cut, scene change, morphing face, different person, changing hairstyle, changing outfit, missing jewelry, extra fingers, deformed hands, hands lingering in frame, extra people, new objects, flickering light, exposure change, text, subtitles, watermark, logo, exaggerated cartoon expressions, fast motion"
1,64_FLUXO_A2_respira.mp4,Fluxo (micro-idle),A2_relaxada.png,A2_relaxada.png,4–5 s,,"SCENE LOCK — Static locked-off camera, vertical 9:16 chest-up shot, identical framing to the start frame. The same woman as the start frame: a woman in her mid-twenties with a heart-shaped face and a softly defined jaw; almond-shaped light blue eyes with long natural lashes; straight dark eyebrows; warm golden-tan skin with many small brown freckles across her nose and cheeks; full lips in a natural rosy nude; a sleek glossy jet-black bob cut just below the jaw, center part, one side tucked behind her ear; dewy minimal makeup, wearing a cropped bright coral knit cardigan over a white fitted tank top, small gold hoop earrings, and a thin gold chain necklace with a tiny heart pendant. Live streaming at night in a playful bedroom-studio: a pastel lilac wall with a round neon sign glowing soft pink, shelves with plushies and small plants, and warm fairy lights, background softly out of focus. a white podcast microphone on a short arm with a colorful foam windscreen stays in the lower right corner. Warm 3000K key light, pink and lilac accents in the background, with a soft cool glow from an off-screen monitor on the right. Photorealistic.

ACTION: Resting calmly: slow breathing, relaxed blinks, peaceful half-smile at the lens.

STYLE: Energetic and expressive: bigger smiles, lively head movements, quick bright reactions, but still natural.

LOOP RULES: Starts on the start frame and ends on exactly the same pose as the end frame — leaning back slightly in the chair, calm half-smile at the lens, hands out of frame. Hands stay out of frame unless the action brings them up, and they leave the frame again before the end. Relaxed breathing and natural blinks throughout. Camera completely static. Background, microphone and lighting never change. No sound.","camera movement, zoom, pan, dolly, cut, scene change, morphing face, different person, changing hairstyle, changing outfit, missing jewelry, extra fingers, deformed hands, hands lingering in frame, extra people, new objects, flickering light, exposure change, text, subtitles, watermark, logo, exaggerated cartoon expressions, fast motion"
1,65_FLUXO_A2_olha_longe.mp4,Fluxo (micro-idle),A2_relaxada.png,A2_relaxada.png,4–5 s,,"SCENE LOCK — Static locked-off camera, vertical 9:16 chest-up shot, identical framing to the start frame. The same woman as the start frame: a woman in her mid-twenties with a heart-shaped face and a softly defined jaw; almond-shaped light blue eyes with long natural lashes; straight dark eyebrows; warm golden-tan skin with many small brown freckles across her nose and cheeks; full lips in a natural rosy nude; a sleek glossy jet-black bob cut just below the jaw, center part, one side tucked behind her ear; dewy minimal makeup, wearing a cropped bright coral knit cardigan over a white fitted tank top, small gold hoop earrings, and a thin gold chain necklace with a tiny heart pendant. Live streaming at night in a playful bedroom-studio: a pastel lilac wall with a round neon sign glowing soft pink, shelves with plushies and small plants, and warm fairy lights, background softly out of focus. a white podcast microphone on a short arm with a colorful foam windscreen stays in the lower right corner. Warm 3000K key light, pink and lilac accents in the background, with a soft cool glow from an off-screen monitor on the right. Photorealistic.

ACTION: She looks dreamily off to the left for a few seconds, then back to the lens.

STYLE: Energetic and expressive: bigger smiles, lively head movements, quick bright reactions, but still natural.

LOOP RULES: Starts on the start frame and ends on exactly the same pose as the end frame — leaning back slightly in the chair, calm half-smile at the lens, hands out of frame. Hands stay out of frame unless the action brings them up, and they leave the frame again before the end. Relaxed breathing and natural blinks throughout. Camera completely static. Background, microphone and lighting never change. No sound.","camera movement, zoom, pan, dolly, cut, scene change, morphing face, different person, changing hairstyle, changing outfit, missing jewelry, extra fingers, deformed hands, hands lingering in frame, extra people, new objects, flickering light, exposure change, text, subtitles, watermark, logo, exaggerated cartoon expressions, fast motion"
2,66_FLUXO_A2_gira_cadeira.mp4,Fluxo (micro-idle),A2_relaxada.png,A2_relaxada.png,4–5 s,,"SCENE LOCK — Static locked-off camera, vertical 9:16 chest-up shot, identical framing to the start frame. The same woman as the start frame: a woman in her mid-twenties with a heart-shaped face and a softly defined jaw; almond-shaped light blue eyes with long natural lashes; straight dark eyebrows; warm golden-tan skin with many small brown freckles across her nose and cheeks; full lips in a natural rosy nude; a sleek glossy jet-black bob cut just below the jaw, center part, one side tucked behind her ear; dewy minimal makeup, wearing a cropped bright coral knit cardigan over a white fitted tank top, small gold hoop earrings, and a thin gold chain necklace with a tiny heart pendant. Live streaming at night in a playful bedroom-studio: a pastel lilac wall with a round neon sign glowing soft pink, shelves with plushies and small plants, and warm fairy lights, background softly out of focus. a white podcast microphone on a short arm with a colorful foam windscreen stays in the lower right corner. Warm 3000K key light, pink and lilac accents in the background, with a soft cool glow from an off-screen monitor on the right. Photorealistic.

ACTION: She swivels the chair very slightly side to side, relaxed and playful, then settles back.

STYLE: Energetic and expressive: bigger smiles, lively head movements, quick bright reactions, but still natural.

LOOP RULES: Starts on the start frame and ends on exactly the same pose as the end frame — leaning back slightly in the chair, calm half-smile at the lens, hands out of frame. Hands stay out of frame unless the action brings them up, and they leave the frame again before the end. Relaxed breathing and natural blinks throughout. Camera completely static. Background, microphone and lighting never change. No sound.","camera movement, zoom, pan, dolly, cut, scene change, morphing face, different person, changing hairstyle, changing outfit, missing jewelry, extra fingers, deformed hands, hands lingering in frame, extra people, new objects, flickering light, exposure change, text, subtitles, watermark, logo, exaggerated cartoon expressions, fast motion"
2,67_FLUXO_A2_ponta_cabelo.mp4,Fluxo (micro-idle),A2_relaxada.png,A2_relaxada.png,4–5 s,,"SCENE LOCK — Static locked-off camera, vertical 9:16 chest-up shot, identical framing to the start frame. The same woman as the start frame: a woman in her mid-twenties with a heart-shaped face and a softly defined jaw; almond-shaped light blue eyes with long natural lashes; straight dark eyebrows; warm golden-tan skin with many small brown freckles across her nose and cheeks; full lips in a natural rosy nude; a sleek glossy jet-black bob cut just below the jaw, center part, one side tucked behind her ear; dewy minimal makeup, wearing a cropped bright coral knit cardigan over a white fitted tank top, small gold hoop earrings, and a thin gold chain necklace with a tiny heart pendant. Live streaming at night in a playful bedroom-studio: a pastel lilac wall with a round neon sign glowing soft pink, shelves with plushies and small plants, and warm fairy lights, background softly out of focus. a white podcast microphone on a short arm with a colorful foam windscreen stays in the lower right corner. Warm 3000K key light, pink and lilac accents in the background, with a soft cool glow from an off-screen monitor on the right. Photorealistic.

ACTION: One hand rises into frame and plays idly with the ends of her hair, then lowers out of frame.

STYLE: Energetic and expressive: bigger smiles, lively head movements, quick bright reactions, but still natural.

LOOP RULES: Starts on the start frame and ends on exactly the same pose as the end frame — leaning back slightly in the chair, calm half-smile at the lens, hands out of frame. Hands stay out of frame unless the action brings them up, and they leave the frame again before the end. Relaxed breathing and natural blinks throughout. Camera completely static. Background, microphone and lighting never change. No sound.","camera movement, zoom, pan, dolly, cut, scene change, morphing face, different person, changing hairstyle, changing outfit, missing jewelry, extra fingers, deformed hands, hands lingering in frame, extra people, new objects, flickering light, exposure change, text, subtitles, watermark, logo, exaggerated cartoon expressions, fast motion"
2,68_FLUXO_A2_espreguica_pescoco.mp4,Fluxo (micro-idle),A2_relaxada.png,A2_relaxada.png,4–5 s,,"SCENE LOCK — Static locked-off camera, vertical 9:16 chest-up shot, identical framing to the start frame. The same woman as the start frame: a woman in her mid-twenties with a heart-shaped face and a softly defined jaw; almond-shaped light blue eyes with long natural lashes; straight dark eyebrows; warm golden-tan skin with many small brown freckles across her nose and cheeks; full lips in a natural rosy nude; a sleek glossy jet-black bob cut just below the jaw, center part, one side tucked behind her ear; dewy minimal makeup, wearing a cropped bright coral knit cardigan over a white fitted tank top, small gold hoop earrings, and a thin gold chain necklace with a tiny heart pendant. Live streaming at night in a playful bedroom-studio: a pastel lilac wall with a round neon sign glowing soft pink, shelves with plushies and small plants, and warm fairy lights, background softly out of focus. a white podcast microphone on a short arm with a colorful foam windscreen stays in the lower right corner. Warm 3000K key light, pink and lilac accents in the background, with a soft cool glow from an off-screen monitor on the right. Photorealistic.

ACTION: A small lazy stretch of the neck and shoulders, eyes closing for a moment, content smile.

STYLE: Energetic and expressive: bigger smiles, lively head movements, quick bright reactions, but still natural.

LOOP RULES: Starts on the start frame and ends on exactly the same pose as the end frame — leaning back slightly in the chair, calm half-smile at the lens, hands out of frame. Hands stay out of frame unless the action brings them up, and they leave the frame again before the end. Relaxed breathing and natural blinks throughout. Camera completely static. Background, microphone and lighting never change. No sound.","camera movement, zoom, pan, dolly, cut, scene change, morphing face, different person, changing hairstyle, changing outfit, missing jewelry, extra fingers, deformed hands, hands lingering in frame, extra people, new objects, flickering light, exposure change, text, subtitles, watermark, logo, exaggerated cartoon expressions, fast motion"
1,69_FLUXO_A3_fala_calma.mp4,Fluxo (micro-idle),A3_perto.png,A3_perto.png,4–5 s,,"SCENE LOCK — Static locked-off camera, vertical 9:16 chest-up shot, identical framing to the start frame. The same woman as the start frame: a woman in her mid-twenties with a heart-shaped face and a softly defined jaw; almond-shaped light blue eyes with long natural lashes; straight dark eyebrows; warm golden-tan skin with many small brown freckles across her nose and cheeks; full lips in a natural rosy nude; a sleek glossy jet-black bob cut just below the jaw, center part, one side tucked behind her ear; dewy minimal makeup, wearing a cropped bright coral knit cardigan over a white fitted tank top, small gold hoop earrings, and a thin gold chain necklace with a tiny heart pendant. Live streaming at night in a playful bedroom-studio: a pastel lilac wall with a round neon sign glowing soft pink, shelves with plushies and small plants, and warm fairy lights, background softly out of focus. a white podcast microphone on a short arm with a colorful foam windscreen stays in the lower right corner. Warm 3000K key light, pink and lilac accents in the background, with a soft cool glow from an off-screen monitor on the right. Photorealistic.

ACTION: She talks calmly to the camera as if chatting with a friend, lips moving naturally in conversation, small head movements, warm eyes. Silent.

STYLE: Energetic and expressive: bigger smiles, lively head movements, quick bright reactions, but still natural.

LOOP RULES: Starts on the start frame and ends on exactly the same pose as the end frame — leaning toward the camera, forearms on the desk, hands together at the bottom edge, warm smile. Hands stay out of frame unless the action brings them up, and they leave the frame again before the end. Relaxed breathing and natural blinks throughout. Camera completely static. Background, microphone and lighting never change. No sound.","camera movement, zoom, pan, dolly, cut, scene change, morphing face, different person, changing hairstyle, changing outfit, missing jewelry, extra fingers, deformed hands, hands lingering in frame, extra people, new objects, flickering light, exposure change, text, subtitles, watermark, logo, exaggerated cartoon expressions, fast motion"
1,70_FLUXO_A3_fala_animada.mp4,Fluxo (micro-idle),A3_perto.png,A3_perto.png,4–5 s,,"SCENE LOCK — Static locked-off camera, vertical 9:16 chest-up shot, identical framing to the start frame. The same woman as the start frame: a woman in her mid-twenties with a heart-shaped face and a softly defined jaw; almond-shaped light blue eyes with long natural lashes; straight dark eyebrows; warm golden-tan skin with many small brown freckles across her nose and cheeks; full lips in a natural rosy nude; a sleek glossy jet-black bob cut just below the jaw, center part, one side tucked behind her ear; dewy minimal makeup, wearing a cropped bright coral knit cardigan over a white fitted tank top, small gold hoop earrings, and a thin gold chain necklace with a tiny heart pendant. Live streaming at night in a playful bedroom-studio: a pastel lilac wall with a round neon sign glowing soft pink, shelves with plushies and small plants, and warm fairy lights, background softly out of focus. a white podcast microphone on a short arm with a colorful foam windscreen stays in the lower right corner. Warm 3000K key light, pink and lilac accents in the background, with a soft cool glow from an off-screen monitor on the right. Photorealistic.

ACTION: She talks to the camera animatedly, lively expressions, small hand gestures near the bottom edge, a short laugh mid-sentence. Silent.

STYLE: Energetic and expressive: bigger smiles, lively head movements, quick bright reactions, but still natural.

LOOP RULES: Starts on the start frame and ends on exactly the same pose as the end frame — leaning toward the camera, forearms on the desk, hands together at the bottom edge, warm smile. Hands stay out of frame unless the action brings them up, and they leave the frame again before the end. Relaxed breathing and natural blinks throughout. Camera completely static. Background, microphone and lighting never change. No sound.","camera movement, zoom, pan, dolly, cut, scene change, morphing face, different person, changing hairstyle, changing outfit, missing jewelry, extra fingers, deformed hands, hands lingering in frame, extra people, new objects, flickering light, exposure change, text, subtitles, watermark, logo, exaggerated cartoon expressions, fast motion"
2,71_FLUXO_A3_escuta.mp4,Fluxo (micro-idle),A3_perto.png,A3_perto.png,4–5 s,,"SCENE LOCK — Static locked-off camera, vertical 9:16 chest-up shot, identical framing to the start frame. The same woman as the start frame: a woman in her mid-twenties with a heart-shaped face and a softly defined jaw; almond-shaped light blue eyes with long natural lashes; straight dark eyebrows; warm golden-tan skin with many small brown freckles across her nose and cheeks; full lips in a natural rosy nude; a sleek glossy jet-black bob cut just below the jaw, center part, one side tucked behind her ear; dewy minimal makeup, wearing a cropped bright coral knit cardigan over a white fitted tank top, small gold hoop earrings, and a thin gold chain necklace with a tiny heart pendant. Live streaming at night in a playful bedroom-studio: a pastel lilac wall with a round neon sign glowing soft pink, shelves with plushies and small plants, and warm fairy lights, background softly out of focus. a white podcast microphone on a short arm with a colorful foam windscreen stays in the lower right corner. Warm 3000K key light, pink and lilac accents in the background, with a soft cool glow from an off-screen monitor on the right. Photorealistic.

ACTION: She listens attentively, nodding slightly, soft smile, as if hearing someone's story.

STYLE: Energetic and expressive: bigger smiles, lively head movements, quick bright reactions, but still natural.

LOOP RULES: Starts on the start frame and ends on exactly the same pose as the end frame — leaning toward the camera, forearms on the desk, hands together at the bottom edge, warm smile. Hands stay out of frame unless the action brings them up, and they leave the frame again before the end. Relaxed breathing and natural blinks throughout. Camera completely static. Background, microphone and lighting never change. No sound.","camera movement, zoom, pan, dolly, cut, scene change, morphing face, different person, changing hairstyle, changing outfit, missing jewelry, extra fingers, deformed hands, hands lingering in frame, extra people, new objects, flickering light, exposure change, text, subtitles, watermark, logo, exaggerated cartoon expressions, fast motion"
2,72_FLUXO_A3_queixo_mao.mp4,Fluxo (micro-idle),A3_perto.png,A3_perto.png,4–5 s,,"SCENE LOCK — Static locked-off camera, vertical 9:16 chest-up shot, identical framing to the start frame. The same woman as the start frame: a woman in her mid-twenties with a heart-shaped face and a softly defined jaw; almond-shaped light blue eyes with long natural lashes; straight dark eyebrows; warm golden-tan skin with many small brown freckles across her nose and cheeks; full lips in a natural rosy nude; a sleek glossy jet-black bob cut just below the jaw, center part, one side tucked behind her ear; dewy minimal makeup, wearing a cropped bright coral knit cardigan over a white fitted tank top, small gold hoop earrings, and a thin gold chain necklace with a tiny heart pendant. Live streaming at night in a playful bedroom-studio: a pastel lilac wall with a round neon sign glowing soft pink, shelves with plushies and small plants, and warm fairy lights, background softly out of focus. a white podcast microphone on a short arm with a colorful foam windscreen stays in the lower right corner. Warm 3000K key light, pink and lilac accents in the background, with a soft cool glow from an off-screen monitor on the right. Photorealistic.

ACTION: She rests her chin on one hand, gazing into the lens with a fond smile, then brings the hand back to the other.

STYLE: Energetic and expressive: bigger smiles, lively head movements, quick bright reactions, but still natural.

LOOP RULES: Starts on the start frame and ends on exactly the same pose as the end frame — leaning toward the camera, forearms on the desk, hands together at the bottom edge, warm smile. Hands stay out of frame unless the action brings them up, and they leave the frame again before the end. Relaxed breathing and natural blinks throughout. Camera completely static. Background, microphone and lighting never change. No sound.","camera movement, zoom, pan, dolly, cut, scene change, morphing face, different person, changing hairstyle, changing outfit, missing jewelry, extra fingers, deformed hands, hands lingering in frame, extra people, new objects, flickering light, exposure change, text, subtitles, watermark, logo, exaggerated cartoon expressions, fast motion"
1,73_GATILHO_A0_aceno_oi.mp4,Gatilho (reação),A0_camera.png,A0_camera.png,5–8 s,follow,"SCENE LOCK — Static locked-off camera, vertical 9:16 chest-up shot, identical framing to the start frame. The same woman as the start frame: a woman in her mid-twenties with a heart-shaped face and a softly defined jaw; almond-shaped light blue eyes with long natural lashes; straight dark eyebrows; warm golden-tan skin with many small brown freckles across her nose and cheeks; full lips in a natural rosy nude; a sleek glossy jet-black bob cut just below the jaw, center part, one side tucked behind her ear; dewy minimal makeup, wearing a cropped bright coral knit cardigan over a white fitted tank top, small gold hoop earrings, and a thin gold chain necklace with a tiny heart pendant. Live streaming at night in a playful bedroom-studio: a pastel lilac wall with a round neon sign glowing soft pink, shelves with plushies and small plants, and warm fairy lights, background softly out of focus. a white podcast microphone on a short arm with a colorful foam windscreen stays in the lower right corner. Warm 3000K key light, pink and lilac accents in the background, with a soft cool glow from an off-screen monitor on the right. Photorealistic.

ACTION: She notices someone new, brightens, and one hand rises into frame for a small friendly wave, then lowers out of frame.

STYLE: Energetic and expressive: bigger smiles, lively head movements, quick bright reactions, but still natural.

LOOP RULES: Starts on the start frame and ends on exactly the same pose as the end frame — facing the camera, looking into the lens with a soft closed-mouth smile, hands out of frame. Hands stay out of frame unless the action brings them up, and they leave the frame again before the end. Relaxed breathing and natural blinks throughout. Camera completely static. Background, microphone and lighting never change. No sound.","camera movement, zoom, pan, dolly, cut, scene change, morphing face, different person, changing hairstyle, changing outfit, missing jewelry, extra fingers, deformed hands, hands lingering in frame, extra people, new objects, flickering light, exposure change, text, subtitles, watermark, logo, exaggerated cartoon expressions, fast motion"
0,74_GATILHO_A0_beijo.mp4,Gatilho (reação),A0_camera.png,A0_camera.png,5–8 s,presente pequeno,"SCENE LOCK — Static locked-off camera, vertical 9:16 chest-up shot, identical framing to the start frame. The same woman as the start frame: a woman in her mid-twenties with a heart-shaped face and a softly defined jaw; almond-shaped light blue eyes with long natural lashes; straight dark eyebrows; warm golden-tan skin with many small brown freckles across her nose and cheeks; full lips in a natural rosy nude; a sleek glossy jet-black bob cut just below the jaw, center part, one side tucked behind her ear; dewy minimal makeup, wearing a cropped bright coral knit cardigan over a white fitted tank top, small gold hoop earrings, and a thin gold chain necklace with a tiny heart pendant. Live streaming at night in a playful bedroom-studio: a pastel lilac wall with a round neon sign glowing soft pink, shelves with plushies and small plants, and warm fairy lights, background softly out of focus. a white podcast microphone on a short arm with a colorful foam windscreen stays in the lower right corner. Warm 3000K key light, pink and lilac accents in the background, with a soft cool glow from an off-screen monitor on the right. Photorealistic.

ACTION: She smiles, brings her fingertips up to her lips and blows a soft kiss to the camera, then the hand lowers out of frame.

STYLE: Energetic and expressive: bigger smiles, lively head movements, quick bright reactions, but still natural.

LOOP RULES: Starts on the start frame and ends on exactly the same pose as the end frame — facing the camera, looking into the lens with a soft closed-mouth smile, hands out of frame. Hands stay out of frame unless the action brings them up, and they leave the frame again before the end. Relaxed breathing and natural blinks throughout. Camera completely static. Background, microphone and lighting never change. No sound.","camera movement, zoom, pan, dolly, cut, scene change, morphing face, different person, changing hairstyle, changing outfit, missing jewelry, extra fingers, deformed hands, hands lingering in frame, extra people, new objects, flickering light, exposure change, text, subtitles, watermark, logo, exaggerated cartoon expressions, fast motion"
1,75_GATILHO_A0_coracao_maos.mp4,Gatilho (reação),A0_camera.png,A0_camera.png,5–8 s,presente pequeno,"SCENE LOCK — Static locked-off camera, vertical 9:16 chest-up shot, identical framing to the start frame. The same woman as the start frame: a woman in her mid-twenties with a heart-shaped face and a softly defined jaw; almond-shaped light blue eyes with long natural lashes; straight dark eyebrows; warm golden-tan skin with many small brown freckles across her nose and cheeks; full lips in a natural rosy nude; a sleek glossy jet-black bob cut just below the jaw, center part, one side tucked behind her ear; dewy minimal makeup, wearing a cropped bright coral knit cardigan over a white fitted tank top, small gold hoop earrings, and a thin gold chain necklace with a tiny heart pendant. Live streaming at night in a playful bedroom-studio: a pastel lilac wall with a round neon sign glowing soft pink, shelves with plushies and small plants, and warm fairy lights, background softly out of focus. a white podcast microphone on a short arm with a colorful foam windscreen stays in the lower right corner. Warm 3000K key light, pink and lilac accents in the background, with a soft cool glow from an off-screen monitor on the right. Photorealistic.

ACTION: Both hands rise into frame and form a heart shape in front of her chest, warm smile, then lower out of frame.

STYLE: Energetic and expressive: bigger smiles, lively head movements, quick bright reactions, but still natural.

LOOP RULES: Starts on the start frame and ends on exactly the same pose as the end frame — facing the camera, looking into the lens with a soft closed-mouth smile, hands out of frame. Hands stay out of frame unless the action brings them up, and they leave the frame again before the end. Relaxed breathing and natural blinks throughout. Camera completely static. Background, microphone and lighting never change. No sound.","camera movement, zoom, pan, dolly, cut, scene change, morphing face, different person, changing hairstyle, changing outfit, missing jewelry, extra fingers, deformed hands, hands lingering in frame, extra people, new objects, flickering light, exposure change, text, subtitles, watermark, logo, exaggerated cartoon expressions, fast motion"
1,76_GATILHO_A0_obrigada.mp4,Gatilho (reação),A0_camera.png,A0_camera.png,5–8 s,presente médio,"SCENE LOCK — Static locked-off camera, vertical 9:16 chest-up shot, identical framing to the start frame. The same woman as the start frame: a woman in her mid-twenties with a heart-shaped face and a softly defined jaw; almond-shaped light blue eyes with long natural lashes; straight dark eyebrows; warm golden-tan skin with many small brown freckles across her nose and cheeks; full lips in a natural rosy nude; a sleek glossy jet-black bob cut just below the jaw, center part, one side tucked behind her ear; dewy minimal makeup, wearing a cropped bright coral knit cardigan over a white fitted tank top, small gold hoop earrings, and a thin gold chain necklace with a tiny heart pendant. Live streaming at night in a playful bedroom-studio: a pastel lilac wall with a round neon sign glowing soft pink, shelves with plushies and small plants, and warm fairy lights, background softly out of focus. a white podcast microphone on a short arm with a colorful foam windscreen stays in the lower right corner. Warm 3000K key light, pink and lilac accents in the background, with a soft cool glow from an off-screen monitor on the right. Photorealistic.

ACTION: Grateful: both hands come together near her chin, a small bow of the head with a big smile, then lower out of frame.

STYLE: Energetic and expressive: bigger smiles, lively head movements, quick bright reactions, but still natural.

LOOP RULES: Starts on the start frame and ends on exactly the same pose as the end frame — facing the camera, looking into the lens with a soft closed-mouth smile, hands out of frame. Hands stay out of frame unless the action brings them up, and they leave the frame again before the end. Relaxed breathing and natural blinks throughout. Camera completely static. Background, microphone and lighting never change. No sound.","camera movement, zoom, pan, dolly, cut, scene change, morphing face, different person, changing hairstyle, changing outfit, missing jewelry, extra fingers, deformed hands, hands lingering in frame, extra people, new objects, flickering light, exposure change, text, subtitles, watermark, logo, exaggerated cartoon expressions, fast motion"
1,77_GATILHO_A0_surpresa_grande.mp4,Gatilho (reação),A0_camera.png,A0_camera.png,5–8 s,presente grande,"SCENE LOCK — Static locked-off camera, vertical 9:16 chest-up shot, identical framing to the start frame. The same woman as the start frame: a woman in her mid-twenties with a heart-shaped face and a softly defined jaw; almond-shaped light blue eyes with long natural lashes; straight dark eyebrows; warm golden-tan skin with many small brown freckles across her nose and cheeks; full lips in a natural rosy nude; a sleek glossy jet-black bob cut just below the jaw, center part, one side tucked behind her ear; dewy minimal makeup, wearing a cropped bright coral knit cardigan over a white fitted tank top, small gold hoop earrings, and a thin gold chain necklace with a tiny heart pendant. Live streaming at night in a playful bedroom-studio: a pastel lilac wall with a round neon sign glowing soft pink, shelves with plushies and small plants, and warm fairy lights, background softly out of focus. a white podcast microphone on a short arm with a colorful foam windscreen stays in the lower right corner. Warm 3000K key light, pink and lilac accents in the background, with a soft cool glow from an off-screen monitor on the right. Photorealistic.

ACTION: Delighted surprise: eyes widen, both hands rise to cover her mouth, she laughs behind them, then lowers them out of frame smiling.

STYLE: Energetic and expressive: bigger smiles, lively head movements, quick bright reactions, but still natural.

LOOP RULES: Starts on the start frame and ends on exactly the same pose as the end frame — facing the camera, looking into the lens with a soft closed-mouth smile, hands out of frame. Hands stay out of frame unless the action brings them up, and they leave the frame again before the end. Relaxed breathing and natural blinks throughout. Camera completely static. Background, microphone and lighting never change. No sound.","camera movement, zoom, pan, dolly, cut, scene change, morphing face, different person, changing hairstyle, changing outfit, missing jewelry, extra fingers, deformed hands, hands lingering in frame, extra people, new objects, flickering light, exposure change, text, subtitles, watermark, logo, exaggerated cartoon expressions, fast motion"
1,78_GATILHO_A0_risada.mp4,Gatilho (reação),A0_camera.png,A0_camera.png,5–8 s,msg engraçada,"SCENE LOCK — Static locked-off camera, vertical 9:16 chest-up shot, identical framing to the start frame. The same woman as the start frame: a woman in her mid-twenties with a heart-shaped face and a softly defined jaw; almond-shaped light blue eyes with long natural lashes; straight dark eyebrows; warm golden-tan skin with many small brown freckles across her nose and cheeks; full lips in a natural rosy nude; a sleek glossy jet-black bob cut just below the jaw, center part, one side tucked behind her ear; dewy minimal makeup, wearing a cropped bright coral knit cardigan over a white fitted tank top, small gold hoop earrings, and a thin gold chain necklace with a tiny heart pendant. Live streaming at night in a playful bedroom-studio: a pastel lilac wall with a round neon sign glowing soft pink, shelves with plushies and small plants, and warm fairy lights, background softly out of focus. a white podcast microphone on a short arm with a colorful foam windscreen stays in the lower right corner. Warm 3000K key light, pink and lilac accents in the background, with a soft cool glow from an off-screen monitor on the right. Photorealistic.

ACTION: She bursts into a genuine laugh, eyes squinting, head tipping slightly back, then settles into a smile.

STYLE: Energetic and expressive: bigger smiles, lively head movements, quick bright reactions, but still natural.

LOOP RULES: Starts on the start frame and ends on exactly the same pose as the end frame — facing the camera, looking into the lens with a soft closed-mouth smile, hands out of frame. Hands stay out of frame unless the action brings them up, and they leave the frame again before the end. Relaxed breathing and natural blinks throughout. Camera completely static. Background, microphone and lighting never change. No sound.","camera movement, zoom, pan, dolly, cut, scene change, morphing face, different person, changing hairstyle, changing outfit, missing jewelry, extra fingers, deformed hands, hands lingering in frame, extra people, new objects, flickering light, exposure change, text, subtitles, watermark, logo, exaggerated cartoon expressions, fast motion"
2,79_GATILHO_A0_piscadinha.mp4,Gatilho (reação),A0_camera.png,A0_camera.png,5–8 s,presente pequeno,"SCENE LOCK — Static locked-off camera, vertical 9:16 chest-up shot, identical framing to the start frame. The same woman as the start frame: a woman in her mid-twenties with a heart-shaped face and a softly defined jaw; almond-shaped light blue eyes with long natural lashes; straight dark eyebrows; warm golden-tan skin with many small brown freckles across her nose and cheeks; full lips in a natural rosy nude; a sleek glossy jet-black bob cut just below the jaw, center part, one side tucked behind her ear; dewy minimal makeup, wearing a cropped bright coral knit cardigan over a white fitted tank top, small gold hoop earrings, and a thin gold chain necklace with a tiny heart pendant. Live streaming at night in a playful bedroom-studio: a pastel lilac wall with a round neon sign glowing soft pink, shelves with plushies and small plants, and warm fairy lights, background softly out of focus. a white podcast microphone on a short arm with a colorful foam windscreen stays in the lower right corner. Warm 3000K key light, pink and lilac accents in the background, with a soft cool glow from an off-screen monitor on the right. Photorealistic.

ACTION: A playful wink at the camera with a small smile.

STYLE: Energetic and expressive: bigger smiles, lively head movements, quick bright reactions, but still natural.

LOOP RULES: Starts on the start frame and ends on exactly the same pose as the end frame — facing the camera, looking into the lens with a soft closed-mouth smile, hands out of frame. Hands stay out of frame unless the action brings them up, and they leave the frame again before the end. Relaxed breathing and natural blinks throughout. Camera completely static. Background, microphone and lighting never change. No sound.","camera movement, zoom, pan, dolly, cut, scene change, morphing face, different person, changing hairstyle, changing outfit, missing jewelry, extra fingers, deformed hands, hands lingering in frame, extra people, new objects, flickering light, exposure change, text, subtitles, watermark, logo, exaggerated cartoon expressions, fast motion"
2,80_GATILHO_A0_aplauso.mp4,Gatilho (reação),A0_camera.png,A0_camera.png,5–8 s,meta,"SCENE LOCK — Static locked-off camera, vertical 9:16 chest-up shot, identical framing to the start frame. The same woman as the start frame: a woman in her mid-twenties with a heart-shaped face and a softly defined jaw; almond-shaped light blue eyes with long natural lashes; straight dark eyebrows; warm golden-tan skin with many small brown freckles across her nose and cheeks; full lips in a natural rosy nude; a sleek glossy jet-black bob cut just below the jaw, center part, one side tucked behind her ear; dewy minimal makeup, wearing a cropped bright coral knit cardigan over a white fitted tank top, small gold hoop earrings, and a thin gold chain necklace with a tiny heart pendant. Live streaming at night in a playful bedroom-studio: a pastel lilac wall with a round neon sign glowing soft pink, shelves with plushies and small plants, and warm fairy lights, background softly out of focus. a white podcast microphone on a short arm with a colorful foam windscreen stays in the lower right corner. Warm 3000K key light, pink and lilac accents in the background, with a soft cool glow from an off-screen monitor on the right. Photorealistic.

ACTION: Her hands rise into frame and clap quickly and happily a few times near her chest, beaming, then lower out of frame.

STYLE: Energetic and expressive: bigger smiles, lively head movements, quick bright reactions, but still natural.

LOOP RULES: Starts on the start frame and ends on exactly the same pose as the end frame — facing the camera, looking into the lens with a soft closed-mouth smile, hands out of frame. Hands stay out of frame unless the action brings them up, and they leave the frame again before the end. Relaxed breathing and natural blinks throughout. Camera completely static. Background, microphone and lighting never change. No sound.","camera movement, zoom, pan, dolly, cut, scene change, morphing face, different person, changing hairstyle, changing outfit, missing jewelry, extra fingers, deformed hands, hands lingering in frame, extra people, new objects, flickering light, exposure change, text, subtitles, watermark, logo, exaggerated cartoon expressions, fast motion"
2,81_GATILHO_A0_timida.mp4,Gatilho (reação),A0_camera.png,A0_camera.png,5–8 s,elogio,"SCENE LOCK — Static locked-off camera, vertical 9:16 chest-up shot, identical framing to the start frame. The same woman as the start frame: a woman in her mid-twenties with a heart-shaped face and a softly defined jaw; almond-shaped light blue eyes with long natural lashes; straight dark eyebrows; warm golden-tan skin with many small brown freckles across her nose and cheeks; full lips in a natural rosy nude; a sleek glossy jet-black bob cut just below the jaw, center part, one side tucked behind her ear; dewy minimal makeup, wearing a cropped bright coral knit cardigan over a white fitted tank top, small gold hoop earrings, and a thin gold chain necklace with a tiny heart pendant. Live streaming at night in a playful bedroom-studio: a pastel lilac wall with a round neon sign glowing soft pink, shelves with plushies and small plants, and warm fairy lights, background softly out of focus. a white podcast microphone on a short arm with a colorful foam windscreen stays in the lower right corner. Warm 3000K key light, pink and lilac accents in the background, with a soft cool glow from an off-screen monitor on the right. Photorealistic.

ACTION: Flattered and shy: she looks down, smiles, and briefly hides part of her smile with her fingertips, then lowers the hand.

STYLE: Energetic and expressive: bigger smiles, lively head movements, quick bright reactions, but still natural.

LOOP RULES: Starts on the start frame and ends on exactly the same pose as the end frame — facing the camera, looking into the lens with a soft closed-mouth smile, hands out of frame. Hands stay out of frame unless the action brings them up, and they leave the frame again before the end. Relaxed breathing and natural blinks throughout. Camera completely static. Background, microphone and lighting never change. No sound.","camera movement, zoom, pan, dolly, cut, scene change, morphing face, different person, changing hairstyle, changing outfit, missing jewelry, extra fingers, deformed hands, hands lingering in frame, extra people, new objects, flickering light, exposure change, text, subtitles, watermark, logo, exaggerated cartoon expressions, fast motion"
2,82_GATILHO_A0_pensativa.mp4,Gatilho (reação),A0_camera.png,A0_camera.png,5–8 s,pergunta,"SCENE LOCK — Static locked-off camera, vertical 9:16 chest-up shot, identical framing to the start frame. The same woman as the start frame: a woman in her mid-twenties with a heart-shaped face and a softly defined jaw; almond-shaped light blue eyes with long natural lashes; straight dark eyebrows; warm golden-tan skin with many small brown freckles across her nose and cheeks; full lips in a natural rosy nude; a sleek glossy jet-black bob cut just below the jaw, center part, one side tucked behind her ear; dewy minimal makeup, wearing a cropped bright coral knit cardigan over a white fitted tank top, small gold hoop earrings, and a thin gold chain necklace with a tiny heart pendant. Live streaming at night in a playful bedroom-studio: a pastel lilac wall with a round neon sign glowing soft pink, shelves with plushies and small plants, and warm fairy lights, background softly out of focus. a white podcast microphone on a short arm with a colorful foam windscreen stays in the lower right corner. Warm 3000K key light, pink and lilac accents in the background, with a soft cool glow from an off-screen monitor on the right. Photorealistic.

ACTION: Thoughtful: a finger rests on her chin, eyes looking up as she thinks, then she smiles as if she found the answer and lowers the hand.

STYLE: Energetic and expressive: bigger smiles, lively head movements, quick bright reactions, but still natural.

LOOP RULES: Starts on the start frame and ends on exactly the same pose as the end frame — facing the camera, looking into the lens with a soft closed-mouth smile, hands out of frame. Hands stay out of frame unless the action brings them up, and they leave the frame again before the end. Relaxed breathing and natural blinks throughout. Camera completely static. Background, microphone and lighting never change. No sound.","camera movement, zoom, pan, dolly, cut, scene change, morphing face, different person, changing hairstyle, changing outfit, missing jewelry, extra fingers, deformed hands, hands lingering in frame, extra people, new objects, flickering light, exposure change, text, subtitles, watermark, logo, exaggerated cartoon expressions, fast motion"
2,83_GATILHO_A0_nao_nao.mp4,Gatilho (reação),A0_camera.png,A0_camera.png,5–8 s,provocação,"SCENE LOCK — Static locked-off camera, vertical 9:16 chest-up shot, identical framing to the start frame. The same woman as the start frame: a woman in her mid-twenties with a heart-shaped face and a softly defined jaw; almond-shaped light blue eyes with long natural lashes; straight dark eyebrows; warm golden-tan skin with many small brown freckles across her nose and cheeks; full lips in a natural rosy nude; a sleek glossy jet-black bob cut just below the jaw, center part, one side tucked behind her ear; dewy minimal makeup, wearing a cropped bright coral knit cardigan over a white fitted tank top, small gold hoop earrings, and a thin gold chain necklace with a tiny heart pendant. Live streaming at night in a playful bedroom-studio: a pastel lilac wall with a round neon sign glowing soft pink, shelves with plushies and small plants, and warm fairy lights, background softly out of focus. a white podcast microphone on a short arm with a colorful foam windscreen stays in the lower right corner. Warm 3000K key light, pink and lilac accents in the background, with a soft cool glow from an off-screen monitor on the right. Photorealistic.

ACTION: Playful teasing: her index finger rises into frame and wags side to side as a ""no-no"", mischievous smile, then lowers.

STYLE: Energetic and expressive: bigger smiles, lively head movements, quick bright reactions, but still natural.

LOOP RULES: Starts on the start frame and ends on exactly the same pose as the end frame — facing the camera, looking into the lens with a soft closed-mouth smile, hands out of frame. Hands stay out of frame unless the action brings them up, and they leave the frame again before the end. Relaxed breathing and natural blinks throughout. Camera completely static. Background, microphone and lighting never change. No sound.","camera movement, zoom, pan, dolly, cut, scene change, morphing face, different person, changing hairstyle, changing outfit, missing jewelry, extra fingers, deformed hands, hands lingering in frame, extra people, new objects, flickering light, exposure change, text, subtitles, watermark, logo, exaggerated cartoon expressions, fast motion"
2,84_GATILHO_A0_revira_olhos.mp4,Gatilho (reação),A0_camera.png,A0_camera.png,5–8 s,provocação,"SCENE LOCK — Static locked-off camera, vertical 9:16 chest-up shot, identical framing to the start frame. The same woman as the start frame: a woman in her mid-twenties with a heart-shaped face and a softly defined jaw; almond-shaped light blue eyes with long natural lashes; straight dark eyebrows; warm golden-tan skin with many small brown freckles across her nose and cheeks; full lips in a natural rosy nude; a sleek glossy jet-black bob cut just below the jaw, center part, one side tucked behind her ear; dewy minimal makeup, wearing a cropped bright coral knit cardigan over a white fitted tank top, small gold hoop earrings, and a thin gold chain necklace with a tiny heart pendant. Live streaming at night in a playful bedroom-studio: a pastel lilac wall with a round neon sign glowing soft pink, shelves with plushies and small plants, and warm fairy lights, background softly out of focus. a white podcast microphone on a short arm with a colorful foam windscreen stays in the lower right corner. Warm 3000K key light, pink and lilac accents in the background, with a soft cool glow from an off-screen monitor on the right. Photorealistic.

ACTION: A playful, amused eye-roll followed by a laugh.

STYLE: Energetic and expressive: bigger smiles, lively head movements, quick bright reactions, but still natural.

LOOP RULES: Starts on the start frame and ends on exactly the same pose as the end frame — facing the camera, looking into the lens with a soft closed-mouth smile, hands out of frame. Hands stay out of frame unless the action brings them up, and they leave the frame again before the end. Relaxed breathing and natural blinks throughout. Camera completely static. Background, microphone and lighting never change. No sound.","camera movement, zoom, pan, dolly, cut, scene change, morphing face, different person, changing hairstyle, changing outfit, missing jewelry, extra fingers, deformed hands, hands lingering in frame, extra people, new objects, flickering light, exposure change, text, subtitles, watermark, logo, exaggerated cartoon expressions, fast motion"
2,85_GATILHO_A0_danca_cadeira.mp4,Gatilho (reação),A0_camera.png,A0_camera.png,5–8 s,presente grande,"SCENE LOCK — Static locked-off camera, vertical 9:16 chest-up shot, identical framing to the start frame. The same woman as the start frame: a woman in her mid-twenties with a heart-shaped face and a softly defined jaw; almond-shaped light blue eyes with long natural lashes; straight dark eyebrows; warm golden-tan skin with many small brown freckles across her nose and cheeks; full lips in a natural rosy nude; a sleek glossy jet-black bob cut just below the jaw, center part, one side tucked behind her ear; dewy minimal makeup, wearing a cropped bright coral knit cardigan over a white fitted tank top, small gold hoop earrings, and a thin gold chain necklace with a tiny heart pendant. Live streaming at night in a playful bedroom-studio: a pastel lilac wall with a round neon sign glowing soft pink, shelves with plushies and small plants, and warm fairy lights, background softly out of focus. a white podcast microphone on a short arm with a colorful foam windscreen stays in the lower right corner. Warm 3000K key light, pink and lilac accents in the background, with a soft cool glow from an off-screen monitor on the right. Photorealistic.

ACTION: Celebration: she dances happily in the chair, shoulders bouncing and head bopping to a beat for a few seconds, then settles.

STYLE: Energetic and expressive: bigger smiles, lively head movements, quick bright reactions, but still natural.

LOOP RULES: Starts on the start frame and ends on exactly the same pose as the end frame — facing the camera, looking into the lens with a soft closed-mouth smile, hands out of frame. Hands stay out of frame unless the action brings them up, and they leave the frame again before the end. Relaxed breathing and natural blinks throughout. Camera completely static. Background, microphone and lighting never change. No sound.","camera movement, zoom, pan, dolly, cut, scene change, morphing face, different person, changing hairstyle, changing outfit, missing jewelry, extra fingers, deformed hands, hands lingering in frame, extra people, new objects, flickering light, exposure change, text, subtitles, watermark, logo, exaggerated cartoon expressions, fast motion"
1,86_GATILHO_A1_ve_presente.mp4,Gatilho (reação),A1_chat.png,A1_chat.png,5–8 s,presente,"SCENE LOCK — Static locked-off camera, vertical 9:16 chest-up shot, identical framing to the start frame. The same woman as the start frame: a woman in her mid-twenties with a heart-shaped face and a softly defined jaw; almond-shaped light blue eyes with long natural lashes; straight dark eyebrows; warm golden-tan skin with many small brown freckles across her nose and cheeks; full lips in a natural rosy nude; a sleek glossy jet-black bob cut just below the jaw, center part, one side tucked behind her ear; dewy minimal makeup, wearing a cropped bright coral knit cardigan over a white fitted tank top, small gold hoop earrings, and a thin gold chain necklace with a tiny heart pendant. Live streaming at night in a playful bedroom-studio: a pastel lilac wall with a round neon sign glowing soft pink, shelves with plushies and small plants, and warm fairy lights, background softly out of focus. a white podcast microphone on a short arm with a colorful foam windscreen stays in the lower right corner. Warm 3000K key light, pink and lilac accents in the background, with a soft cool glow from an off-screen monitor on the right. Photorealistic.

ACTION: She sees something on the screen, her eyes light up, she gasps with a big smile and does a quick excited shoulder wiggle, then goes back to reading.

STYLE: Energetic and expressive: bigger smiles, lively head movements, quick bright reactions, but still natural.

LOOP RULES: Starts on the start frame and ends on exactly the same pose as the end frame — head turned toward the right side of the frame, reading an off-screen monitor, hands out of frame. Hands stay out of frame unless the action brings them up, and they leave the frame again before the end. Relaxed breathing and natural blinks throughout. Camera completely static. Background, microphone and lighting never change. No sound.","camera movement, zoom, pan, dolly, cut, scene change, morphing face, different person, changing hairstyle, changing outfit, missing jewelry, extra fingers, deformed hands, hands lingering in frame, extra people, new objects, flickering light, exposure change, text, subtitles, watermark, logo, exaggerated cartoon expressions, fast motion"
2,87_GATILHO_A1_ve_seguidor.mp4,Gatilho (reação),A1_chat.png,A1_chat.png,5–8 s,follow,"SCENE LOCK — Static locked-off camera, vertical 9:16 chest-up shot, identical framing to the start frame. The same woman as the start frame: a woman in her mid-twenties with a heart-shaped face and a softly defined jaw; almond-shaped light blue eyes with long natural lashes; straight dark eyebrows; warm golden-tan skin with many small brown freckles across her nose and cheeks; full lips in a natural rosy nude; a sleek glossy jet-black bob cut just below the jaw, center part, one side tucked behind her ear; dewy minimal makeup, wearing a cropped bright coral knit cardigan over a white fitted tank top, small gold hoop earrings, and a thin gold chain necklace with a tiny heart pendant. Live streaming at night in a playful bedroom-studio: a pastel lilac wall with a round neon sign glowing soft pink, shelves with plushies and small plants, and warm fairy lights, background softly out of focus. a white podcast microphone on a short arm with a colorful foam windscreen stays in the lower right corner. Warm 3000K key light, pink and lilac accents in the background, with a soft cool glow from an off-screen monitor on the right. Photorealistic.

ACTION: She notices a name on the screen, smiles, and a hand rises for a tiny wave toward the monitor, then lowers; she keeps reading.

STYLE: Energetic and expressive: bigger smiles, lively head movements, quick bright reactions, but still natural.

LOOP RULES: Starts on the start frame and ends on exactly the same pose as the end frame — head turned toward the right side of the frame, reading an off-screen monitor, hands out of frame. Hands stay out of frame unless the action brings them up, and they leave the frame again before the end. Relaxed breathing and natural blinks throughout. Camera completely static. Background, microphone and lighting never change. No sound.","camera movement, zoom, pan, dolly, cut, scene change, morphing face, different person, changing hairstyle, changing outfit, missing jewelry, extra fingers, deformed hands, hands lingering in frame, extra people, new objects, flickering light, exposure change, text, subtitles, watermark, logo, exaggerated cartoon expressions, fast motion"
2,88_GATILHO_A1_gargalhada.mp4,Gatilho (reação),A1_chat.png,A1_chat.png,5–8 s,msg engraçada,"SCENE LOCK — Static locked-off camera, vertical 9:16 chest-up shot, identical framing to the start frame. The same woman as the start frame: a woman in her mid-twenties with a heart-shaped face and a softly defined jaw; almond-shaped light blue eyes with long natural lashes; straight dark eyebrows; warm golden-tan skin with many small brown freckles across her nose and cheeks; full lips in a natural rosy nude; a sleek glossy jet-black bob cut just below the jaw, center part, one side tucked behind her ear; dewy minimal makeup, wearing a cropped bright coral knit cardigan over a white fitted tank top, small gold hoop earrings, and a thin gold chain necklace with a tiny heart pendant. Live streaming at night in a playful bedroom-studio: a pastel lilac wall with a round neon sign glowing soft pink, shelves with plushies and small plants, and warm fairy lights, background softly out of focus. a white podcast microphone on a short arm with a colorful foam windscreen stays in the lower right corner. Warm 3000K key light, pink and lilac accents in the background, with a soft cool glow from an off-screen monitor on the right. Photorealistic.

ACTION: She reads something hilarious and laughs out loud, covering her mouth with a hand, then lowers it and settles back to reading.

STYLE: Energetic and expressive: bigger smiles, lively head movements, quick bright reactions, but still natural.

LOOP RULES: Starts on the start frame and ends on exactly the same pose as the end frame — head turned toward the right side of the frame, reading an off-screen monitor, hands out of frame. Hands stay out of frame unless the action brings them up, and they leave the frame again before the end. Relaxed breathing and natural blinks throughout. Camera completely static. Background, microphone and lighting never change. No sound.","camera movement, zoom, pan, dolly, cut, scene change, morphing face, different person, changing hairstyle, changing outfit, missing jewelry, extra fingers, deformed hands, hands lingering in frame, extra people, new objects, flickering light, exposure change, text, subtitles, watermark, logo, exaggerated cartoon expressions, fast motion"
1,89_ESPECIAL_A0_bebe.mp4,Especial (beat raro),A0_camera.png,A0_camera.png,8–10 s,,"SCENE LOCK — Static locked-off camera, vertical 9:16 chest-up shot, identical framing to the start frame. The same woman as the start frame: a woman in her mid-twenties with a heart-shaped face and a softly defined jaw; almond-shaped light blue eyes with long natural lashes; straight dark eyebrows; warm golden-tan skin with many small brown freckles across her nose and cheeks; full lips in a natural rosy nude; a sleek glossy jet-black bob cut just below the jaw, center part, one side tucked behind her ear; dewy minimal makeup, wearing a cropped bright coral knit cardigan over a white fitted tank top, small gold hoop earrings, and a thin gold chain necklace with a tiny heart pendant. Live streaming at night in a playful bedroom-studio: a pastel lilac wall with a round neon sign glowing soft pink, shelves with plushies and small plants, and warm fairy lights, background softly out of focus. a white podcast microphone on a short arm with a colorful foam windscreen stays in the lower right corner. Warm 3000K key light, pink and lilac accents in the background, with a soft cool glow from an off-screen monitor on the right. Photorealistic.

ACTION: She lifts a pastel iced coffee cup with a straw into frame, takes a small sip, and lowers it out of frame again.

STYLE: Energetic and expressive: bigger smiles, lively head movements, quick bright reactions, but still natural.

LOOP RULES: Starts on the start frame and ends on exactly the same pose as the end frame — facing the camera, looking into the lens with a soft closed-mouth smile, hands out of frame. Hands stay out of frame unless the action brings them up, and they leave the frame again before the end. Relaxed breathing and natural blinks throughout. Camera completely static. Background, microphone and lighting never change. No sound.","camera movement, zoom, pan, dolly, cut, scene change, morphing face, different person, changing hairstyle, changing outfit, missing jewelry, extra fingers, deformed hands, hands lingering in frame, extra people, new objects, flickering light, exposure change, text, subtitles, watermark, logo, exaggerated cartoon expressions, fast motion"
2,90_ESPECIAL_A0_alonga.mp4,Especial (beat raro),A0_camera.png,A0_camera.png,8–10 s,,"SCENE LOCK — Static locked-off camera, vertical 9:16 chest-up shot, identical framing to the start frame. The same woman as the start frame: a woman in her mid-twenties with a heart-shaped face and a softly defined jaw; almond-shaped light blue eyes with long natural lashes; straight dark eyebrows; warm golden-tan skin with many small brown freckles across her nose and cheeks; full lips in a natural rosy nude; a sleek glossy jet-black bob cut just below the jaw, center part, one side tucked behind her ear; dewy minimal makeup, wearing a cropped bright coral knit cardigan over a white fitted tank top, small gold hoop earrings, and a thin gold chain necklace with a tiny heart pendant. Live streaming at night in a playful bedroom-studio: a pastel lilac wall with a round neon sign glowing soft pink, shelves with plushies and small plants, and warm fairy lights, background softly out of focus. a white podcast microphone on a short arm with a colorful foam windscreen stays in the lower right corner. Warm 3000K key light, pink and lilac accents in the background, with a soft cool glow from an off-screen monitor on the right. Photorealistic.

ACTION: She stretches both arms up over her head (arms leave the top of the frame), arches slightly, then relaxes back to the pose.

STYLE: Energetic and expressive: bigger smiles, lively head movements, quick bright reactions, but still natural.

LOOP RULES: Starts on the start frame and ends on exactly the same pose as the end frame — facing the camera, looking into the lens with a soft closed-mouth smile, hands out of frame. Hands stay out of frame unless the action brings them up, and they leave the frame again before the end. Relaxed breathing and natural blinks throughout. Camera completely static. Background, microphone and lighting never change. No sound.","camera movement, zoom, pan, dolly, cut, scene change, morphing face, different person, changing hairstyle, changing outfit, missing jewelry, extra fingers, deformed hands, hands lingering in frame, extra people, new objects, flickering light, exposure change, text, subtitles, watermark, logo, exaggerated cartoon expressions, fast motion"
2,91_ESPECIAL_A0_bocejo.mp4,Especial (beat raro),A0_camera.png,A0_camera.png,8–10 s,,"SCENE LOCK — Static locked-off camera, vertical 9:16 chest-up shot, identical framing to the start frame. The same woman as the start frame: a woman in her mid-twenties with a heart-shaped face and a softly defined jaw; almond-shaped light blue eyes with long natural lashes; straight dark eyebrows; warm golden-tan skin with many small brown freckles across her nose and cheeks; full lips in a natural rosy nude; a sleek glossy jet-black bob cut just below the jaw, center part, one side tucked behind her ear; dewy minimal makeup, wearing a cropped bright coral knit cardigan over a white fitted tank top, small gold hoop earrings, and a thin gold chain necklace with a tiny heart pendant. Live streaming at night in a playful bedroom-studio: a pastel lilac wall with a round neon sign glowing soft pink, shelves with plushies and small plants, and warm fairy lights, background softly out of focus. a white podcast microphone on a short arm with a colorful foam windscreen stays in the lower right corner. Warm 3000K key light, pink and lilac accents in the background, with a soft cool glow from an off-screen monitor on the right. Photorealistic.

ACTION: A small polite yawn hidden behind her hand, followed by an embarrassed little laugh.

STYLE: Energetic and expressive: bigger smiles, lively head movements, quick bright reactions, but still natural.

LOOP RULES: Starts on the start frame and ends on exactly the same pose as the end frame — facing the camera, looking into the lens with a soft closed-mouth smile, hands out of frame. Hands stay out of frame unless the action brings them up, and they leave the frame again before the end. Relaxed breathing and natural blinks throughout. Camera completely static. Background, microphone and lighting never change. No sound.","camera movement, zoom, pan, dolly, cut, scene change, morphing face, different person, changing hairstyle, changing outfit, missing jewelry, extra fingers, deformed hands, hands lingering in frame, extra people, new objects, flickering light, exposure change, text, subtitles, watermark, logo, exaggerated cartoon expressions, fast motion"
2,92_ESPECIAL_A0_cabelo_dedos.mp4,Especial (beat raro),A0_camera.png,A0_camera.png,8–10 s,,"SCENE LOCK — Static locked-off camera, vertical 9:16 chest-up shot, identical framing to the start frame. The same woman as the start frame: a woman in her mid-twenties with a heart-shaped face and a softly defined jaw; almond-shaped light blue eyes with long natural lashes; straight dark eyebrows; warm golden-tan skin with many small brown freckles across her nose and cheeks; full lips in a natural rosy nude; a sleek glossy jet-black bob cut just below the jaw, center part, one side tucked behind her ear; dewy minimal makeup, wearing a cropped bright coral knit cardigan over a white fitted tank top, small gold hoop earrings, and a thin gold chain necklace with a tiny heart pendant. Live streaming at night in a playful bedroom-studio: a pastel lilac wall with a round neon sign glowing soft pink, shelves with plushies and small plants, and warm fairy lights, background softly out of focus. a white podcast microphone on a short arm with a colorful foam windscreen stays in the lower right corner. Warm 3000K key light, pink and lilac accents in the background, with a soft cool glow from an off-screen monitor on the right. Photorealistic.

ACTION: She runs her fingers through her hair toward the back, then lets it settle exactly as before.

STYLE: Energetic and expressive: bigger smiles, lively head movements, quick bright reactions, but still natural.

LOOP RULES: Starts on the start frame and ends on exactly the same pose as the end frame — facing the camera, looking into the lens with a soft closed-mouth smile, hands out of frame. Hands stay out of frame unless the action brings them up, and they leave the frame again before the end. Relaxed breathing and natural blinks throughout. Camera completely static. Background, microphone and lighting never change. No sound.","camera movement, zoom, pan, dolly, cut, scene change, morphing face, different person, changing hairstyle, changing outfit, missing jewelry, extra fingers, deformed hands, hands lingering in frame, extra people, new objects, flickering light, exposure change, text, subtitles, watermark, logo, exaggerated cartoon expressions, fast motion"
2,93_ESPECIAL_A0_pet.mp4,Especial (beat raro),A0_camera.png,A0_camera.png,8–10 s,,"SCENE LOCK — Static locked-off camera, vertical 9:16 chest-up shot, identical framing to the start frame. The same woman as the start frame: a woman in her mid-twenties with a heart-shaped face and a softly defined jaw; almond-shaped light blue eyes with long natural lashes; straight dark eyebrows; warm golden-tan skin with many small brown freckles across her nose and cheeks; full lips in a natural rosy nude; a sleek glossy jet-black bob cut just below the jaw, center part, one side tucked behind her ear; dewy minimal makeup, wearing a cropped bright coral knit cardigan over a white fitted tank top, small gold hoop earrings, and a thin gold chain necklace with a tiny heart pendant. Live streaming at night in a playful bedroom-studio: a pastel lilac wall with a round neon sign glowing soft pink, shelves with plushies and small plants, and warm fairy lights, background softly out of focus. a white podcast microphone on a short arm with a colorful foam windscreen stays in the lower right corner. Warm 3000K key light, pink and lilac accents in the background, with a soft cool glow from an off-screen monitor on the right. Photorealistic.

ACTION: A small fluffy white pomeranian pops up into the frame from below, she smiles and gently pets it for a moment, then it hops back down out of frame.

STYLE: Energetic and expressive: bigger smiles, lively head movements, quick bright reactions, but still natural.

LOOP RULES: Starts on the start frame and ends on exactly the same pose as the end frame — facing the camera, looking into the lens with a soft closed-mouth smile, hands out of frame. Hands stay out of frame unless the action brings them up, and they leave the frame again before the end. Relaxed breathing and natural blinks throughout. Camera completely static. Background, microphone and lighting never change. No sound.","camera movement, zoom, pan, dolly, cut, scene change, morphing face, different person, changing hairstyle, changing outfit, missing jewelry, extra fingers, deformed hands, hands lingering in frame, extra people, new objects, flickering light, exposure change, text, subtitles, watermark, logo, exaggerated cartoon expressions, fast motion"
1,94_ESPECIAL_A0_tchau.mp4,Especial (beat raro),A0_camera.png,A0_camera.png,8–10 s,,"SCENE LOCK — Static locked-off camera, vertical 9:16 chest-up shot, identical framing to the start frame. The same woman as the start frame: a woman in her mid-twenties with a heart-shaped face and a softly defined jaw; almond-shaped light blue eyes with long natural lashes; straight dark eyebrows; warm golden-tan skin with many small brown freckles across her nose and cheeks; full lips in a natural rosy nude; a sleek glossy jet-black bob cut just below the jaw, center part, one side tucked behind her ear; dewy minimal makeup, wearing a cropped bright coral knit cardigan over a white fitted tank top, small gold hoop earrings, and a thin gold chain necklace with a tiny heart pendant. Live streaming at night in a playful bedroom-studio: a pastel lilac wall with a round neon sign glowing soft pink, shelves with plushies and small plants, and warm fairy lights, background softly out of focus. a white podcast microphone on a short arm with a colorful foam windscreen stays in the lower right corner. Warm 3000K key light, pink and lilac accents in the background, with a soft cool glow from an off-screen monitor on the right. Photorealistic.

ACTION: Saying goodbye: she smiles, one hand rises to wave, then blows a final kiss to the camera and lowers the hand.

STYLE: Energetic and expressive: bigger smiles, lively head movements, quick bright reactions, but still natural.

LOOP RULES: Starts on the start frame and ends on exactly the same pose as the end frame — facing the camera, looking into the lens with a soft closed-mouth smile, hands out of frame. Hands stay out of frame unless the action brings them up, and they leave the frame again before the end. Relaxed breathing and natural blinks throughout. Camera completely static. Background, microphone and lighting never change. No sound.","camera movement, zoom, pan, dolly, cut, scene change, morphing face, different person, changing hairstyle, changing outfit, missing jewelry, extra fingers, deformed hands, hands lingering in frame, extra people, new objects, flickering light, exposure change, text, subtitles, watermark, logo, exaggerated cartoon expressions, fast motion"
1,95_SEGMENTO_A0_abertura.mp4,Segmento (formato de live),A0_camera.png,A0_camera.png,6–9 s,F1,"SCENE LOCK — Static locked-off camera, vertical 9:16 chest-up shot, identical framing to the start frame. The same woman as the start frame: a woman in her mid-twenties with a heart-shaped face and a softly defined jaw; almond-shaped light blue eyes with long natural lashes; straight dark eyebrows; warm golden-tan skin with many small brown freckles across her nose and cheeks; full lips in a natural rosy nude; a sleek glossy jet-black bob cut just below the jaw, center part, one side tucked behind her ear; dewy minimal makeup, wearing a cropped bright coral knit cardigan over a white fitted tank top, small gold hoop earrings, and a thin gold chain necklace with a tiny heart pendant. Live streaming at night in a playful bedroom-studio: a pastel lilac wall with a round neon sign glowing soft pink, shelves with plushies and small plants, and warm fairy lights, background softly out of focus. a white podcast microphone on a short arm with a colorful foam windscreen stays in the lower right corner. Warm 3000K key light, pink and lilac accents in the background, with a soft cool glow from an off-screen monitor on the right. Photorealistic.

ACTION: She settles into the chair as if just arriving, looks into the lens with a bright smile, one hand rises for a small ""hello, I'm here"" wave, then lowers out of frame.

STYLE: Energetic and expressive: bigger smiles, lively head movements, quick bright reactions, but still natural.

LOOP RULES: Starts on the start frame and ends on exactly the same pose as the end frame — facing the camera, looking into the lens with a soft closed-mouth smile, hands out of frame. Hands stay out of frame unless the action brings them up, and they leave the frame again before the end. Relaxed breathing and natural blinks throughout. Camera completely static. Background, microphone and lighting never change. No sound.","camera movement, zoom, pan, dolly, cut, scene change, morphing face, different person, changing hairstyle, changing outfit, missing jewelry, extra fingers, deformed hands, hands lingering in frame, extra people, new objects, flickering light, exposure change, text, subtitles, watermark, logo, exaggerated cartoon expressions, fast motion"
1,96_SEGMENTO_A3_anuncia_meta.mp4,Segmento (formato de live),A3_perto.png,A3_perto.png,6–9 s,F1,"SCENE LOCK — Static locked-off camera, vertical 9:16 chest-up shot, identical framing to the start frame. The same woman as the start frame: a woman in her mid-twenties with a heart-shaped face and a softly defined jaw; almond-shaped light blue eyes with long natural lashes; straight dark eyebrows; warm golden-tan skin with many small brown freckles across her nose and cheeks; full lips in a natural rosy nude; a sleek glossy jet-black bob cut just below the jaw, center part, one side tucked behind her ear; dewy minimal makeup, wearing a cropped bright coral knit cardigan over a white fitted tank top, small gold hoop earrings, and a thin gold chain necklace with a tiny heart pendant. Live streaming at night in a playful bedroom-studio: a pastel lilac wall with a round neon sign glowing soft pink, shelves with plushies and small plants, and warm fairy lights, background softly out of focus. a white podcast microphone on a short arm with a colorful foam windscreen stays in the lower right corner. Warm 3000K key light, pink and lilac accents in the background, with a soft cool glow from an off-screen monitor on the right. Photorealistic.

ACTION: Leaning toward the camera, she talks excitedly as if announcing tonight's goal, then points down toward the bottom of the frame with one finger, eyebrows raised, inviting. Silent.

STYLE: Energetic and expressive: bigger smiles, lively head movements, quick bright reactions, but still natural.

LOOP RULES: Starts on the start frame and ends on exactly the same pose as the end frame — leaning toward the camera, forearms on the desk, hands together at the bottom edge, warm smile. Hands stay out of frame unless the action brings them up, and they leave the frame again before the end. Relaxed breathing and natural blinks throughout. Camera completely static. Background, microphone and lighting never change. No sound.","camera movement, zoom, pan, dolly, cut, scene change, morphing face, different person, changing hairstyle, changing outfit, missing jewelry, extra fingers, deformed hands, hands lingering in frame, extra people, new objects, flickering light, exposure change, text, subtitles, watermark, logo, exaggerated cartoon expressions, fast motion"
1,97_SEGMENTO_A0_meta_batida.mp4,Segmento (formato de live),A0_camera.png,A0_camera.png,6–9 s,F1,"SCENE LOCK — Static locked-off camera, vertical 9:16 chest-up shot, identical framing to the start frame. The same woman as the start frame: a woman in her mid-twenties with a heart-shaped face and a softly defined jaw; almond-shaped light blue eyes with long natural lashes; straight dark eyebrows; warm golden-tan skin with many small brown freckles across her nose and cheeks; full lips in a natural rosy nude; a sleek glossy jet-black bob cut just below the jaw, center part, one side tucked behind her ear; dewy minimal makeup, wearing a cropped bright coral knit cardigan over a white fitted tank top, small gold hoop earrings, and a thin gold chain necklace with a tiny heart pendant. Live streaming at night in a playful bedroom-studio: a pastel lilac wall with a round neon sign glowing soft pink, shelves with plushies and small plants, and warm fairy lights, background softly out of focus. a white podcast microphone on a short arm with a colorful foam windscreen stays in the lower right corner. Warm 3000K key light, pink and lilac accents in the background, with a soft cool glow from an off-screen monitor on the right. Photorealistic.

ACTION: Goal reached: she gasps, both hands fly up into frame in celebration, she laughs and claps quickly, beaming at the lens, then lowers her hands out of frame.

STYLE: Energetic and expressive: bigger smiles, lively head movements, quick bright reactions, but still natural.

LOOP RULES: Starts on the start frame and ends on exactly the same pose as the end frame — facing the camera, looking into the lens with a soft closed-mouth smile, hands out of frame. Hands stay out of frame unless the action brings them up, and they leave the frame again before the end. Relaxed breathing and natural blinks throughout. Camera completely static. Background, microphone and lighting never change. No sound.","camera movement, zoom, pan, dolly, cut, scene change, morphing face, different person, changing hairstyle, changing outfit, missing jewelry, extra fingers, deformed hands, hands lingering in frame, extra people, new objects, flickering light, exposure change, text, subtitles, watermark, logo, exaggerated cartoon expressions, fast motion"
1,98_SEGMENTO_A3_dedicatoria_top_fan.mp4,Segmento (formato de live),A3_perto.png,A3_perto.png,6–9 s,F4,"SCENE LOCK — Static locked-off camera, vertical 9:16 chest-up shot, identical framing to the start frame. The same woman as the start frame: a woman in her mid-twenties with a heart-shaped face and a softly defined jaw; almond-shaped light blue eyes with long natural lashes; straight dark eyebrows; warm golden-tan skin with many small brown freckles across her nose and cheeks; full lips in a natural rosy nude; a sleek glossy jet-black bob cut just below the jaw, center part, one side tucked behind her ear; dewy minimal makeup, wearing a cropped bright coral knit cardigan over a white fitted tank top, small gold hoop earrings, and a thin gold chain necklace with a tiny heart pendant. Live streaming at night in a playful bedroom-studio: a pastel lilac wall with a round neon sign glowing soft pink, shelves with plushies and small plants, and warm fairy lights, background softly out of focus. a white podcast microphone on a short arm with a colorful foam windscreen stays in the lower right corner. Warm 3000K key light, pink and lilac accents in the background, with a soft cool glow from an off-screen monitor on the right. Photorealistic.

ACTION: Leaning in, she places one hand over her heart, looks deeply into the lens with a grateful smile, and gives a small slow nod, as if dedicating the moment to someone special.

STYLE: Energetic and expressive: bigger smiles, lively head movements, quick bright reactions, but still natural.

LOOP RULES: Starts on the start frame and ends on exactly the same pose as the end frame — leaning toward the camera, forearms on the desk, hands together at the bottom edge, warm smile. Hands stay out of frame unless the action brings them up, and they leave the frame again before the end. Relaxed breathing and natural blinks throughout. Camera completely static. Background, microphone and lighting never change. No sound.","camera movement, zoom, pan, dolly, cut, scene change, morphing face, different person, changing hairstyle, changing outfit, missing jewelry, extra fingers, deformed hands, hands lingering in frame, extra people, new objects, flickering light, exposure change, text, subtitles, watermark, logo, exaggerated cartoon expressions, fast motion"
1,99_SEGMENTO_A1_le_pergunta.mp4,Segmento (formato de live),A1_chat.png,A1_chat.png,6–9 s,F3,"SCENE LOCK — Static locked-off camera, vertical 9:16 chest-up shot, identical framing to the start frame. The same woman as the start frame: a woman in her mid-twenties with a heart-shaped face and a softly defined jaw; almond-shaped light blue eyes with long natural lashes; straight dark eyebrows; warm golden-tan skin with many small brown freckles across her nose and cheeks; full lips in a natural rosy nude; a sleek glossy jet-black bob cut just below the jaw, center part, one side tucked behind her ear; dewy minimal makeup, wearing a cropped bright coral knit cardigan over a white fitted tank top, small gold hoop earrings, and a thin gold chain necklace with a tiny heart pendant. Live streaming at night in a playful bedroom-studio: a pastel lilac wall with a round neon sign glowing soft pink, shelves with plushies and small plants, and warm fairy lights, background softly out of focus. a white podcast microphone on a short arm with a colorful foam windscreen stays in the lower right corner. Warm 3000K key light, pink and lilac accents in the background, with a soft cool glow from an off-screen monitor on the right. Photorealistic.

ACTION: Reading carefully from the monitor, her eyes follow a longer message line by line, her expression shifts to curious interest, then she gives a small thoughtful nod.

STYLE: Energetic and expressive: bigger smiles, lively head movements, quick bright reactions, but still natural.

LOOP RULES: Starts on the start frame and ends on exactly the same pose as the end frame — head turned toward the right side of the frame, reading an off-screen monitor, hands out of frame. Hands stay out of frame unless the action brings them up, and they leave the frame again before the end. Relaxed breathing and natural blinks throughout. Camera completely static. Background, microphone and lighting never change. No sound.","camera movement, zoom, pan, dolly, cut, scene change, morphing face, different person, changing hairstyle, changing outfit, missing jewelry, extra fingers, deformed hands, hands lingering in frame, extra people, new objects, flickering light, exposure change, text, subtitles, watermark, logo, exaggerated cartoon expressions, fast motion"
2,100_SEGMENTO_A3_responde_pensando.mp4,Segmento (formato de live),A3_perto.png,A3_perto.png,6–9 s,F3,"SCENE LOCK — Static locked-off camera, vertical 9:16 chest-up shot, identical framing to the start frame. The same woman as the start frame: a woman in her mid-twenties with a heart-shaped face and a softly defined jaw; almond-shaped light blue eyes with long natural lashes; straight dark eyebrows; warm golden-tan skin with many small brown freckles across her nose and cheeks; full lips in a natural rosy nude; a sleek glossy jet-black bob cut just below the jaw, center part, one side tucked behind her ear; dewy minimal makeup, wearing a cropped bright coral knit cardigan over a white fitted tank top, small gold hoop earrings, and a thin gold chain necklace with a tiny heart pendant. Live streaming at night in a playful bedroom-studio: a pastel lilac wall with a round neon sign glowing soft pink, shelves with plushies and small plants, and warm fairy lights, background softly out of focus. a white podcast microphone on a short arm with a colorful foam windscreen stays in the lower right corner. Warm 3000K key light, pink and lilac accents in the background, with a soft cool glow from an off-screen monitor on the right. Photorealistic.

ACTION: She tilts her head, thinks for a moment with her eyes up, then starts answering the camera with calm, thoughtful expressions and small hand gestures near the bottom edge. Silent.

STYLE: Energetic and expressive: bigger smiles, lively head movements, quick bright reactions, but still natural.

LOOP RULES: Starts on the start frame and ends on exactly the same pose as the end frame — leaning toward the camera, forearms on the desk, hands together at the bottom edge, warm smile. Hands stay out of frame unless the action brings them up, and they leave the frame again before the end. Relaxed breathing and natural blinks throughout. Camera completely static. Background, microphone and lighting never change. No sound.","camera movement, zoom, pan, dolly, cut, scene change, morphing face, different person, changing hairstyle, changing outfit, missing jewelry, extra fingers, deformed hands, hands lingering in frame, extra people, new objects, flickering light, exposure change, text, subtitles, watermark, logo, exaggerated cartoon expressions, fast motion"
2,101_SEGMENTO_A0_voce_escolhe.mp4,Segmento (formato de live),A0_camera.png,A0_camera.png,6–9 s,F4,"SCENE LOCK — Static locked-off camera, vertical 9:16 chest-up shot, identical framing to the start frame. The same woman as the start frame: a woman in her mid-twenties with a heart-shaped face and a softly defined jaw; almond-shaped light blue eyes with long natural lashes; straight dark eyebrows; warm golden-tan skin with many small brown freckles across her nose and cheeks; full lips in a natural rosy nude; a sleek glossy jet-black bob cut just below the jaw, center part, one side tucked behind her ear; dewy minimal makeup, wearing a cropped bright coral knit cardigan over a white fitted tank top, small gold hoop earrings, and a thin gold chain necklace with a tiny heart pendant. Live streaming at night in a playful bedroom-studio: a pastel lilac wall with a round neon sign glowing soft pink, shelves with plushies and small plants, and warm fairy lights, background softly out of focus. a white podcast microphone on a short arm with a colorful foam windscreen stays in the lower right corner. Warm 3000K key light, pink and lilac accents in the background, with a soft cool glow from an off-screen monitor on the right. Photorealistic.

ACTION: Playful: she points toward the camera with one finger as if saying ""you choose"", raises her eyebrows with a mischievous smile, then lowers the hand out of frame.

STYLE: Energetic and expressive: bigger smiles, lively head movements, quick bright reactions, but still natural.

LOOP RULES: Starts on the start frame and ends on exactly the same pose as the end frame — facing the camera, looking into the lens with a soft closed-mouth smile, hands out of frame. Hands stay out of frame unless the action brings them up, and they leave the frame again before the end. Relaxed breathing and natural blinks throughout. Camera completely static. Background, microphone and lighting never change. No sound.","camera movement, zoom, pan, dolly, cut, scene change, morphing face, different person, changing hairstyle, changing outfit, missing jewelry, extra fingers, deformed hands, hands lingering in frame, extra people, new objects, flickering light, exposure change, text, subtitles, watermark, logo, exaggerated cartoon expressions, fast motion"
2,102_SEGMENTO_A0_contagem.mp4,Segmento (formato de live),A0_camera.png,A0_camera.png,6–9 s,F1,"SCENE LOCK — Static locked-off camera, vertical 9:16 chest-up shot, identical framing to the start frame. The same woman as the start frame: a woman in her mid-twenties with a heart-shaped face and a softly defined jaw; almond-shaped light blue eyes with long natural lashes; straight dark eyebrows; warm golden-tan skin with many small brown freckles across her nose and cheeks; full lips in a natural rosy nude; a sleek glossy jet-black bob cut just below the jaw, center part, one side tucked behind her ear; dewy minimal makeup, wearing a cropped bright coral knit cardigan over a white fitted tank top, small gold hoop earrings, and a thin gold chain necklace with a tiny heart pendant. Live streaming at night in a playful bedroom-studio: a pastel lilac wall with a round neon sign glowing soft pink, shelves with plushies and small plants, and warm fairy lights, background softly out of focus. a white podcast microphone on a short arm with a colorful foam windscreen stays in the lower right corner. Warm 3000K key light, pink and lilac accents in the background, with a soft cool glow from an off-screen monitor on the right. Photorealistic.

ACTION: Excited countdown: one hand rises into frame showing three fingers, then two, then one, her smile growing with each number, then the hand lowers out of frame.

STYLE: Energetic and expressive: bigger smiles, lively head movements, quick bright reactions, but still natural.

LOOP RULES: Starts on the start frame and ends on exactly the same pose as the end frame — facing the camera, looking into the lens with a soft closed-mouth smile, hands out of frame. Hands stay out of frame unless the action brings them up, and they leave the frame again before the end. Relaxed breathing and natural blinks throughout. Camera completely static. Background, microphone and lighting never change. No sound.","camera movement, zoom, pan, dolly, cut, scene change, morphing face, different person, changing hairstyle, changing outfit, missing jewelry, extra fingers, deformed hands, hands lingering in frame, extra people, new objects, flickering light, exposure change, text, subtitles, watermark, logo, exaggerated cartoon expressions, fast motion"
2,103_SEGMENTO_A0_brinde.mp4,Segmento (formato de live),A0_camera.png,A0_camera.png,6–9 s,F4/F5,"SCENE LOCK — Static locked-off camera, vertical 9:16 chest-up shot, identical framing to the start frame. The same woman as the start frame: a woman in her mid-twenties with a heart-shaped face and a softly defined jaw; almond-shaped light blue eyes with long natural lashes; straight dark eyebrows; warm golden-tan skin with many small brown freckles across her nose and cheeks; full lips in a natural rosy nude; a sleek glossy jet-black bob cut just below the jaw, center part, one side tucked behind her ear; dewy minimal makeup, wearing a cropped bright coral knit cardigan over a white fitted tank top, small gold hoop earrings, and a thin gold chain necklace with a tiny heart pendant. Live streaming at night in a playful bedroom-studio: a pastel lilac wall with a round neon sign glowing soft pink, shelves with plushies and small plants, and warm fairy lights, background softly out of focus. a white podcast microphone on a short arm with a colorful foam windscreen stays in the lower right corner. Warm 3000K key light, pink and lilac accents in the background, with a soft cool glow from an off-screen monitor on the right. Photorealistic.

ACTION: She lifts a pastel iced coffee cup with a straw into frame and raises it toward the camera in a toast, takes a small sip with a warm smile, and lowers it out of frame.

STYLE: Energetic and expressive: bigger smiles, lively head movements, quick bright reactions, but still natural.

LOOP RULES: Starts on the start frame and ends on exactly the same pose as the end frame — facing the camera, looking into the lens with a soft closed-mouth smile, hands out of frame. Hands stay out of frame unless the action brings them up, and they leave the frame again before the end. Relaxed breathing and natural blinks throughout. Camera completely static. Background, microphone and lighting never change. No sound.","camera movement, zoom, pan, dolly, cut, scene change, morphing face, different person, changing hairstyle, changing outfit, missing jewelry, extra fingers, deformed hands, hands lingering in frame, extra people, new objects, flickering light, exposure change, text, subtitles, watermark, logo, exaggerated cartoon expressions, fast motion"
1,104_SEGMENTO_A0_agradece_encerra.mp4,Segmento (formato de live),A0_camera.png,A0_camera.png,6–9 s,F1,"SCENE LOCK — Static locked-off camera, vertical 9:16 chest-up shot, identical framing to the start frame. The same woman as the start frame: a woman in her mid-twenties with a heart-shaped face and a softly defined jaw; almond-shaped light blue eyes with long natural lashes; straight dark eyebrows; warm golden-tan skin with many small brown freckles across her nose and cheeks; full lips in a natural rosy nude; a sleek glossy jet-black bob cut just below the jaw, center part, one side tucked behind her ear; dewy minimal makeup, wearing a cropped bright coral knit cardigan over a white fitted tank top, small gold hoop earrings, and a thin gold chain necklace with a tiny heart pendant. Live streaming at night in a playful bedroom-studio: a pastel lilac wall with a round neon sign glowing soft pink, shelves with plushies and small plants, and warm fairy lights, background softly out of focus. a white podcast microphone on a short arm with a colorful foam windscreen stays in the lower right corner. Warm 3000K key light, pink and lilac accents in the background, with a soft cool glow from an off-screen monitor on the right. Photorealistic.

ACTION: End of the live: she smiles gratefully, both hands rise to form a heart in front of her chest, she mouths ""thank you"" to the camera, then lowers her hands out of frame. Silent.

STYLE: Energetic and expressive: bigger smiles, lively head movements, quick bright reactions, but still natural.

LOOP RULES: Starts on the start frame and ends on exactly the same pose as the end frame — facing the camera, looking into the lens with a soft closed-mouth smile, hands out of frame. Hands stay out of frame unless the action brings them up, and they leave the frame again before the end. Relaxed breathing and natural blinks throughout. Camera completely static. Background, microphone and lighting never change. No sound.","camera movement, zoom, pan, dolly, cut, scene change, morphing face, different person, changing hairstyle, changing outfit, missing jewelry, extra fingers, deformed hands, hands lingering in frame, extra people, new objects, flickering light, exposure change, text, subtitles, watermark, logo, exaggerated cartoon expressions, fast motion"
