lote,arquivo,categoria,primeiro_frame,ultimo_frame,duracao,evento,prompt,negativo
0,01_FLUXO_A0_respira.mp4,Fluxo (micro-idle),A0_camera.png,A0_camera.png,4–5 s,,"SCENE LOCK — Static locked-off camera (a phone on a tripod at chest height, vertical 9:16, 26mm phone lens look, slightly wide), framed from mid-thigh up, identical framing to the start frame. The same woman as the start frame: a woman in her early thirties with an oval face, high defined cheekbones and a soft narrow chin; almond-shaped pale grey-green eyes with a thin black winged eyeliner; thin straight light-brown eyebrows; fair skin with a few faint freckles across the nose and cheeks; full soft lips in a muted rosy-beige; honey-platinum blonde hair pulled into a high sleek ponytail, curtain bangs framing her face, a few loose strands; light fresh gym makeup, with a curvy athletic hourglass physique of a fitness model who trains glutes: very full, large and round natural-looking bust, narrow cinched waist with soft visible abs lines, wide hips, large round lifted glutes, thick toned thighs, defined shoulders and lean toned arms, smooth fair skin with a light healthy sheen, wearing a glossy cherry-red seamless sculpting gym set: a plunging deep V-neck sports bra with thin crisscross straps and a very deep cleavage, and matching high-waisted scrunch-butt leggings with a contour seam that lifts and shapes the glutes, white training shoes. Working out in an upscale boutique gym at night: black rubber floor, a wall of mirrors, a chrome dumbbell rack, a padded bench and a hip-thrust machine, warm amber strip lights and a soft red neon line along the ceiling, a few blurred machines in the background, nobody else around, background softly out of focus. Warm amber practical lights mixed with a soft red neon rim light, gentle contrast, glossy highlights on the skin. Photorealistic.

ACTION: Catching her breath after a set: her chest and shoulders rise and fall visibly, a light sheen on her skin, she blinks and gives the lens a small confident smile.

STYLE: Confident and playful: slow controlled reps, glances at the camera between sets, a teasing half-smile, breathing visibly after a set; never rushed, never cartoonish.

LOOP RULES: Starts on the start frame and ends on exactly the same pose as the end frame — standing facing the camera, framed from mid-thigh up, one hand on her hip, confident half-smile at the lens. She stays fully inside the frame. Natural breathing and blinks throughout. Camera completely static. Background, outfit, body and lighting never change. No sound.","camera movement, zoom, pan, dolly, cut, scene change, morphing face, different person, changing body shape, slimmer body, changing hairstyle, changing outfit, outfit color change, extra fingers, deformed hands, extra limbs, extra people, new objects, flickering light, exposure change, text, subtitles, watermark, logo, fast jerky motion, leaving the frame, nudity, see-through fabric"
1,02_FLUXO_A0_rabo_de_cavalo.mp4,Fluxo (micro-idle),A0_camera.png,A0_camera.png,4–5 s,,"SCENE LOCK — Static locked-off camera (a phone on a tripod at chest height, vertical 9:16, 26mm phone lens look, slightly wide), framed from mid-thigh up, identical framing to the start frame. The same woman as the start frame: a woman in her early thirties with an oval face, high defined cheekbones and a soft narrow chin; almond-shaped pale grey-green eyes with a thin black winged eyeliner; thin straight light-brown eyebrows; fair skin with a few faint freckles across the nose and cheeks; full soft lips in a muted rosy-beige; honey-platinum blonde hair pulled into a high sleek ponytail, curtain bangs framing her face, a few loose strands; light fresh gym makeup, with a curvy athletic hourglass physique of a fitness model who trains glutes: very full, large and round natural-looking bust, narrow cinched waist with soft visible abs lines, wide hips, large round lifted glutes, thick toned thighs, defined shoulders and lean toned arms, smooth fair skin with a light healthy sheen, wearing a glossy cherry-red seamless sculpting gym set: a plunging deep V-neck sports bra with thin crisscross straps and a very deep cleavage, and matching high-waisted scrunch-butt leggings with a contour seam that lifts and shapes the glutes, white training shoes. Working out in an upscale boutique gym at night: black rubber floor, a wall of mirrors, a chrome dumbbell rack, a padded bench and a hip-thrust machine, warm amber strip lights and a soft red neon line along the ceiling, a few blurred machines in the background, nobody else around, background softly out of focus. Warm amber practical lights mixed with a soft red neon rim light, gentle contrast, glossy highlights on the skin. Photorealistic.

ACTION: Both hands rise and tighten her high ponytail, then one hand returns to her hip and the other lowers to her side.

STYLE: Confident and playful: slow controlled reps, glances at the camera between sets, a teasing half-smile, breathing visibly after a set; never rushed, never cartoonish.

LOOP RULES: Starts on the start frame and ends on exactly the same pose as the end frame — standing facing the camera, framed from mid-thigh up, one hand on her hip, confident half-smile at the lens. She stays fully inside the frame. Natural breathing and blinks throughout. Camera completely static. Background, outfit, body and lighting never change. No sound.","camera movement, zoom, pan, dolly, cut, scene change, morphing face, different person, changing body shape, slimmer body, changing hairstyle, changing outfit, outfit color change, extra fingers, deformed hands, extra limbs, extra people, new objects, flickering light, exposure change, text, subtitles, watermark, logo, fast jerky motion, leaving the frame, nudity, see-through fabric"
1,03_FLUXO_A0_ajusta_top.mp4,Fluxo (micro-idle),A0_camera.png,A0_camera.png,4–5 s,,"SCENE LOCK — Static locked-off camera (a phone on a tripod at chest height, vertical 9:16, 26mm phone lens look, slightly wide), framed from mid-thigh up, identical framing to the start frame. The same woman as the start frame: a woman in her early thirties with an oval face, high defined cheekbones and a soft narrow chin; almond-shaped pale grey-green eyes with a thin black winged eyeliner; thin straight light-brown eyebrows; fair skin with a few faint freckles across the nose and cheeks; full soft lips in a muted rosy-beige; honey-platinum blonde hair pulled into a high sleek ponytail, curtain bangs framing her face, a few loose strands; light fresh gym makeup, with a curvy athletic hourglass physique of a fitness model who trains glutes: very full, large and round natural-looking bust, narrow cinched waist with soft visible abs lines, wide hips, large round lifted glutes, thick toned thighs, defined shoulders and lean toned arms, smooth fair skin with a light healthy sheen, wearing a glossy cherry-red seamless sculpting gym set: a plunging deep V-neck sports bra with thin crisscross straps and a very deep cleavage, and matching high-waisted scrunch-butt leggings with a contour seam that lifts and shapes the glutes, white training shoes. Working out in an upscale boutique gym at night: black rubber floor, a wall of mirrors, a chrome dumbbell rack, a padded bench and a hip-thrust machine, warm amber strip lights and a soft red neon line along the ceiling, a few blurred machines in the background, nobody else around, background softly out of focus. Warm amber practical lights mixed with a soft red neon rim light, gentle contrast, glossy highlights on the skin. Photorealistic.

ACTION: She slides two fingers under the strap of her sports bra, adjusts it on her shoulder and smooths the fabric, then the hand returns to her hip.

STYLE: Confident and playful: slow controlled reps, glances at the camera between sets, a teasing half-smile, breathing visibly after a set; never rushed, never cartoonish.

LOOP RULES: Starts on the start frame and ends on exactly the same pose as the end frame — standing facing the camera, framed from mid-thigh up, one hand on her hip, confident half-smile at the lens. She stays fully inside the frame. Natural breathing and blinks throughout. Camera completely static. Background, outfit, body and lighting never change. No sound.","camera movement, zoom, pan, dolly, cut, scene change, morphing face, different person, changing body shape, slimmer body, changing hairstyle, changing outfit, outfit color change, extra fingers, deformed hands, extra limbs, extra people, new objects, flickering light, exposure change, text, subtitles, watermark, logo, fast jerky motion, leaving the frame, nudity, see-through fabric"
2,04_FLUXO_A0_ajusta_legging.mp4,Fluxo (micro-idle),A0_camera.png,A0_camera.png,4–5 s,,"SCENE LOCK — Static locked-off camera (a phone on a tripod at chest height, vertical 9:16, 26mm phone lens look, slightly wide), framed from mid-thigh up, identical framing to the start frame. The same woman as the start frame: a woman in her early thirties with an oval face, high defined cheekbones and a soft narrow chin; almond-shaped pale grey-green eyes with a thin black winged eyeliner; thin straight light-brown eyebrows; fair skin with a few faint freckles across the nose and cheeks; full soft lips in a muted rosy-beige; honey-platinum blonde hair pulled into a high sleek ponytail, curtain bangs framing her face, a few loose strands; light fresh gym makeup, with a curvy athletic hourglass physique of a fitness model who trains glutes: very full, large and round natural-looking bust, narrow cinched waist with soft visible abs lines, wide hips, large round lifted glutes, thick toned thighs, defined shoulders and lean toned arms, smooth fair skin with a light healthy sheen, wearing a glossy cherry-red seamless sculpting gym set: a plunging deep V-neck sports bra with thin crisscross straps and a very deep cleavage, and matching high-waisted scrunch-butt leggings with a contour seam that lifts and shapes the glutes, white training shoes. Working out in an upscale boutique gym at night: black rubber floor, a wall of mirrors, a chrome dumbbell rack, a padded bench and a hip-thrust machine, warm amber strip lights and a soft red neon line along the ceiling, a few blurred machines in the background, nobody else around, background softly out of focus. Warm amber practical lights mixed with a soft red neon rim light, gentle contrast, glossy highlights on the skin. Photorealistic.

ACTION: She smooths the high waistband of her leggings over her hips with both hands, glances down at it, then looks back at the lens.

STYLE: Confident and playful: slow controlled reps, glances at the camera between sets, a teasing half-smile, breathing visibly after a set; never rushed, never cartoonish.

LOOP RULES: Starts on the start frame and ends on exactly the same pose as the end frame — standing facing the camera, framed from mid-thigh up, one hand on her hip, confident half-smile at the lens. She stays fully inside the frame. Natural breathing and blinks throughout. Camera completely static. Background, outfit, body and lighting never change. No sound.","camera movement, zoom, pan, dolly, cut, scene change, morphing face, different person, changing body shape, slimmer body, changing hairstyle, changing outfit, outfit color change, extra fingers, deformed hands, extra limbs, extra people, new objects, flickering light, exposure change, text, subtitles, watermark, logo, fast jerky motion, leaving the frame, nudity, see-through fabric"
2,05_FLUXO_A0_balanca.mp4,Fluxo (micro-idle),A0_camera.png,A0_camera.png,4–5 s,,"SCENE LOCK — Static locked-off camera (a phone on a tripod at chest height, vertical 9:16, 26mm phone lens look, slightly wide), framed from mid-thigh up, identical framing to the start frame. The same woman as the start frame: a woman in her early thirties with an oval face, high defined cheekbones and a soft narrow chin; almond-shaped pale grey-green eyes with a thin black winged eyeliner; thin straight light-brown eyebrows; fair skin with a few faint freckles across the nose and cheeks; full soft lips in a muted rosy-beige; honey-platinum blonde hair pulled into a high sleek ponytail, curtain bangs framing her face, a few loose strands; light fresh gym makeup, with a curvy athletic hourglass physique of a fitness model who trains glutes: very full, large and round natural-looking bust, narrow cinched waist with soft visible abs lines, wide hips, large round lifted glutes, thick toned thighs, defined shoulders and lean toned arms, smooth fair skin with a light healthy sheen, wearing a glossy cherry-red seamless sculpting gym set: a plunging deep V-neck sports bra with thin crisscross straps and a very deep cleavage, and matching high-waisted scrunch-butt leggings with a contour seam that lifts and shapes the glutes, white training shoes. Working out in an upscale boutique gym at night: black rubber floor, a wall of mirrors, a chrome dumbbell rack, a padded bench and a hip-thrust machine, warm amber strip lights and a soft red neon line along the ceiling, a few blurred machines in the background, nobody else around, background softly out of focus. Warm amber practical lights mixed with a soft red neon rim light, gentle contrast, glossy highlights on the skin. Photorealistic.

ACTION: She sways her hips gently side to side to the gym music, a playful half-smile at the lens.

STYLE: Confident and playful: slow controlled reps, glances at the camera between sets, a teasing half-smile, breathing visibly after a set; never rushed, never cartoonish.

LOOP RULES: Starts on the start frame and ends on exactly the same pose as the end frame — standing facing the camera, framed from mid-thigh up, one hand on her hip, confident half-smile at the lens. She stays fully inside the frame. Natural breathing and blinks throughout. Camera completely static. Background, outfit, body and lighting never change. No sound.","camera movement, zoom, pan, dolly, cut, scene change, morphing face, different person, changing body shape, slimmer body, changing hairstyle, changing outfit, outfit color change, extra fingers, deformed hands, extra limbs, extra people, new objects, flickering light, exposure change, text, subtitles, watermark, logo, fast jerky motion, leaving the frame, nudity, see-through fabric"
0,06_FLUXO_A0_espia_chat.mp4,Fluxo (micro-idle),A0_camera.png,A0_camera.png,4–5 s,,"SCENE LOCK — Static locked-off camera (a phone on a tripod at chest height, vertical 9:16, 26mm phone lens look, slightly wide), framed from mid-thigh up, identical framing to the start frame. The same woman as the start frame: a woman in her early thirties with an oval face, high defined cheekbones and a soft narrow chin; almond-shaped pale grey-green eyes with a thin black winged eyeliner; thin straight light-brown eyebrows; fair skin with a few faint freckles across the nose and cheeks; full soft lips in a muted rosy-beige; honey-platinum blonde hair pulled into a high sleek ponytail, curtain bangs framing her face, a few loose strands; light fresh gym makeup, with a curvy athletic hourglass physique of a fitness model who trains glutes: very full, large and round natural-looking bust, narrow cinched waist with soft visible abs lines, wide hips, large round lifted glutes, thick toned thighs, defined shoulders and lean toned arms, smooth fair skin with a light healthy sheen, wearing a glossy cherry-red seamless sculpting gym set: a plunging deep V-neck sports bra with thin crisscross straps and a very deep cleavage, and matching high-waisted scrunch-butt leggings with a contour seam that lifts and shapes the glutes, white training shoes. Working out in an upscale boutique gym at night: black rubber floor, a wall of mirrors, a chrome dumbbell rack, a padded bench and a hip-thrust machine, warm amber strip lights and a soft red neon line along the ceiling, a few blurred machines in the background, nobody else around, background softly out of focus. Warm amber practical lights mixed with a soft red neon rim light, gentle contrast, glossy highlights on the skin. Photorealistic.

ACTION: She glances down to her right at the phone resting on the bench for a second, then looks back at the lens.

STYLE: Confident and playful: slow controlled reps, glances at the camera between sets, a teasing half-smile, breathing visibly after a set; never rushed, never cartoonish.

LOOP RULES: Starts on the start frame and ends on exactly the same pose as the end frame — standing facing the camera, framed from mid-thigh up, one hand on her hip, confident half-smile at the lens. She stays fully inside the frame. Natural breathing and blinks throughout. Camera completely static. Background, outfit, body and lighting never change. No sound.","camera movement, zoom, pan, dolly, cut, scene change, morphing face, different person, changing body shape, slimmer body, changing hairstyle, changing outfit, outfit color change, extra fingers, deformed hands, extra limbs, extra people, new objects, flickering light, exposure change, text, subtitles, watermark, logo, fast jerky motion, leaving the frame, nudity, see-through fabric"
2,07_FLUXO_A0_alonga_braco.mp4,Fluxo (micro-idle),A0_camera.png,A0_camera.png,4–5 s,,"SCENE LOCK — Static locked-off camera (a phone on a tripod at chest height, vertical 9:16, 26mm phone lens look, slightly wide), framed from mid-thigh up, identical framing to the start frame. The same woman as the start frame: a woman in her early thirties with an oval face, high defined cheekbones and a soft narrow chin; almond-shaped pale grey-green eyes with a thin black winged eyeliner; thin straight light-brown eyebrows; fair skin with a few faint freckles across the nose and cheeks; full soft lips in a muted rosy-beige; honey-platinum blonde hair pulled into a high sleek ponytail, curtain bangs framing her face, a few loose strands; light fresh gym makeup, with a curvy athletic hourglass physique of a fitness model who trains glutes: very full, large and round natural-looking bust, narrow cinched waist with soft visible abs lines, wide hips, large round lifted glutes, thick toned thighs, defined shoulders and lean toned arms, smooth fair skin with a light healthy sheen, wearing a glossy cherry-red seamless sculpting gym set: a plunging deep V-neck sports bra with thin crisscross straps and a very deep cleavage, and matching high-waisted scrunch-butt leggings with a contour seam that lifts and shapes the glutes, white training shoes. Working out in an upscale boutique gym at night: black rubber floor, a wall of mirrors, a chrome dumbbell rack, a padded bench and a hip-thrust machine, warm amber strip lights and a soft red neon line along the ceiling, a few blurred machines in the background, nobody else around, background softly out of focus. Warm amber practical lights mixed with a soft red neon rim light, gentle contrast, glossy highlights on the skin. Photorealistic.

ACTION: She pulls one arm across her chest in a slow shoulder stretch, then the other arm, and returns to the pose.

STYLE: Confident and playful: slow controlled reps, glances at the camera between sets, a teasing half-smile, breathing visibly after a set; never rushed, never cartoonish.

LOOP RULES: Starts on the start frame and ends on exactly the same pose as the end frame — standing facing the camera, framed from mid-thigh up, one hand on her hip, confident half-smile at the lens. She stays fully inside the frame. Natural breathing and blinks throughout. Camera completely static. Background, outfit, body and lighting never change. No sound.","camera movement, zoom, pan, dolly, cut, scene change, morphing face, different person, changing body shape, slimmer body, changing hairstyle, changing outfit, outfit color change, extra fingers, deformed hands, extra limbs, extra people, new objects, flickering light, exposure change, text, subtitles, watermark, logo, fast jerky motion, leaving the frame, nudity, see-through fabric"
2,08_FLUXO_A0_olha_espelho.mp4,Fluxo (micro-idle),A0_camera.png,A0_camera.png,4–5 s,,"SCENE LOCK — Static locked-off camera (a phone on a tripod at chest height, vertical 9:16, 26mm phone lens look, slightly wide), framed from mid-thigh up, identical framing to the start frame. The same woman as the start frame: a woman in her early thirties with an oval face, high defined cheekbones and a soft narrow chin; almond-shaped pale grey-green eyes with a thin black winged eyeliner; thin straight light-brown eyebrows; fair skin with a few faint freckles across the nose and cheeks; full soft lips in a muted rosy-beige; honey-platinum blonde hair pulled into a high sleek ponytail, curtain bangs framing her face, a few loose strands; light fresh gym makeup, with a curvy athletic hourglass physique of a fitness model who trains glutes: very full, large and round natural-looking bust, narrow cinched waist with soft visible abs lines, wide hips, large round lifted glutes, thick toned thighs, defined shoulders and lean toned arms, smooth fair skin with a light healthy sheen, wearing a glossy cherry-red seamless sculpting gym set: a plunging deep V-neck sports bra with thin crisscross straps and a very deep cleavage, and matching high-waisted scrunch-butt leggings with a contour seam that lifts and shapes the glutes, white training shoes. Working out in an upscale boutique gym at night: black rubber floor, a wall of mirrors, a chrome dumbbell rack, a padded bench and a hip-thrust machine, warm amber strip lights and a soft red neon line along the ceiling, a few blurred machines in the background, nobody else around, background softly out of focus. Warm amber practical lights mixed with a soft red neon rim light, gentle contrast, glossy highlights on the skin. Photorealistic.

ACTION: She glances to the side toward the gym mirror, checks her look with a satisfied smile, and looks back at the lens.

STYLE: Confident and playful: slow controlled reps, glances at the camera between sets, a teasing half-smile, breathing visibly after a set; never rushed, never cartoonish.

LOOP RULES: Starts on the start frame and ends on exactly the same pose as the end frame — standing facing the camera, framed from mid-thigh up, one hand on her hip, confident half-smile at the lens. She stays fully inside the frame. Natural breathing and blinks throughout. Camera completely static. Background, outfit, body and lighting never change. No sound.","camera movement, zoom, pan, dolly, cut, scene change, morphing face, different person, changing body shape, slimmer body, changing hairstyle, changing outfit, outfit color change, extra fingers, deformed hands, extra limbs, extra people, new objects, flickering light, exposure change, text, subtitles, watermark, logo, fast jerky motion, leaving the frame, nudity, see-through fabric"
1,09_TRANSICAO_A0-A1_pega_celular.mp4,Transição,A0_camera.png,A1_chat.png,2–3 s,,"SCENE LOCK — Static locked-off camera (a phone on a tripod at chest height, vertical 9:16, 26mm phone lens look, slightly wide), framed from mid-thigh up, identical framing to the start frame. The same woman as the start frame: a woman in her early thirties with an oval face, high defined cheekbones and a soft narrow chin; almond-shaped pale grey-green eyes with a thin black winged eyeliner; thin straight light-brown eyebrows; fair skin with a few faint freckles across the nose and cheeks; full soft lips in a muted rosy-beige; honey-platinum blonde hair pulled into a high sleek ponytail, curtain bangs framing her face, a few loose strands; light fresh gym makeup, with a curvy athletic hourglass physique of a fitness model who trains glutes: very full, large and round natural-looking bust, narrow cinched waist with soft visible abs lines, wide hips, large round lifted glutes, thick toned thighs, defined shoulders and lean toned arms, smooth fair skin with a light healthy sheen, wearing a glossy cherry-red seamless sculpting gym set: a plunging deep V-neck sports bra with thin crisscross straps and a very deep cleavage, and matching high-waisted scrunch-butt leggings with a contour seam that lifts and shapes the glutes, white training shoes. Working out in an upscale boutique gym at night: black rubber floor, a wall of mirrors, a chrome dumbbell rack, a padded bench and a hip-thrust machine, warm amber strip lights and a soft red neon line along the ceiling, a few blurred machines in the background, nobody else around, background softly out of focus. Warm amber practical lights mixed with a soft red neon rim light, gentle contrast, glossy highlights on the skin. Photorealistic.

ACTION: She bends slightly, picks up her phone from the bench below the frame and holds it at chest height with both hands, eyes going to the screen.

STYLE: Confident and playful: slow controlled reps, glances at the camera between sets, a teasing half-smile, breathing visibly after a set; never rushed, never cartoonish.

TRANSITION RULES: Starts on the start frame — standing facing the camera, framed from mid-thigh up, one hand on her hip, confident half-smile at the lens — and ends on exactly the pose of the end frame — standing facing the camera, holding her phone at chest height with both hands, eyes down reading the screen. She stays fully inside the frame. Natural breathing and blinks throughout. Camera completely static. Background, outfit, body and lighting never change. No sound.","camera movement, zoom, pan, dolly, cut, scene change, morphing face, different person, changing body shape, slimmer body, changing hairstyle, changing outfit, outfit color change, extra fingers, deformed hands, extra limbs, extra people, new objects, flickering light, exposure change, text, subtitles, watermark, logo, fast jerky motion, leaving the frame, nudity, see-through fabric"
1,10_TRANSICAO_A1-A0_guarda_celular.mp4,Transição,A1_chat.png,A0_camera.png,2–3 s,,"SCENE LOCK — Static locked-off camera (a phone on a tripod at chest height, vertical 9:16, 26mm phone lens look, slightly wide), framed from mid-thigh up, identical framing to the start frame. The same woman as the start frame: a woman in her early thirties with an oval face, high defined cheekbones and a soft narrow chin; almond-shaped pale grey-green eyes with a thin black winged eyeliner; thin straight light-brown eyebrows; fair skin with a few faint freckles across the nose and cheeks; full soft lips in a muted rosy-beige; honey-platinum blonde hair pulled into a high sleek ponytail, curtain bangs framing her face, a few loose strands; light fresh gym makeup, with a curvy athletic hourglass physique of a fitness model who trains glutes: very full, large and round natural-looking bust, narrow cinched waist with soft visible abs lines, wide hips, large round lifted glutes, thick toned thighs, defined shoulders and lean toned arms, smooth fair skin with a light healthy sheen, wearing a glossy cherry-red seamless sculpting gym set: a plunging deep V-neck sports bra with thin crisscross straps and a very deep cleavage, and matching high-waisted scrunch-butt leggings with a contour seam that lifts and shapes the glutes, white training shoes. Working out in an upscale boutique gym at night: black rubber floor, a wall of mirrors, a chrome dumbbell rack, a padded bench and a hip-thrust machine, warm amber strip lights and a soft red neon line along the ceiling, a few blurred machines in the background, nobody else around, background softly out of focus. Warm amber practical lights mixed with a soft red neon rim light, gentle contrast, glossy highlights on the skin. Photorealistic.

ACTION: She lowers the phone out of frame, looks back up at the lens and places one hand back on her hip.

STYLE: Confident and playful: slow controlled reps, glances at the camera between sets, a teasing half-smile, breathing visibly after a set; never rushed, never cartoonish.

TRANSITION RULES: Starts on the start frame — standing facing the camera, holding her phone at chest height with both hands, eyes down reading the screen — and ends on exactly the pose of the end frame — standing facing the camera, framed from mid-thigh up, one hand on her hip, confident half-smile at the lens. She stays fully inside the frame. Natural breathing and blinks throughout. Camera completely static. Background, outfit, body and lighting never change. No sound.","camera movement, zoom, pan, dolly, cut, scene change, morphing face, different person, changing body shape, slimmer body, changing hairstyle, changing outfit, outfit color change, extra fingers, deformed hands, extra limbs, extra people, new objects, flickering light, exposure change, text, subtitles, watermark, logo, fast jerky motion, leaving the frame, nudity, see-through fabric"
0,11_TRANSICAO_A0-A2_vira_de_lado.mp4,Transição,A0_camera.png,A2_lado.png,2–3 s,,"SCENE LOCK — Static locked-off camera (a phone on a tripod at chest height, vertical 9:16, 26mm phone lens look, slightly wide), framed from mid-thigh up, identical framing to the start frame. The same woman as the start frame: a woman in her early thirties with an oval face, high defined cheekbones and a soft narrow chin; almond-shaped pale grey-green eyes with a thin black winged eyeliner; thin straight light-brown eyebrows; fair skin with a few faint freckles across the nose and cheeks; full soft lips in a muted rosy-beige; honey-platinum blonde hair pulled into a high sleek ponytail, curtain bangs framing her face, a few loose strands; light fresh gym makeup, with a curvy athletic hourglass physique of a fitness model who trains glutes: very full, large and round natural-looking bust, narrow cinched waist with soft visible abs lines, wide hips, large round lifted glutes, thick toned thighs, defined shoulders and lean toned arms, smooth fair skin with a light healthy sheen, wearing a glossy cherry-red seamless sculpting gym set: a plunging deep V-neck sports bra with thin crisscross straps and a very deep cleavage, and matching high-waisted scrunch-butt leggings with a contour seam that lifts and shapes the glutes, white training shoes. Working out in an upscale boutique gym at night: black rubber floor, a wall of mirrors, a chrome dumbbell rack, a padded bench and a hip-thrust machine, warm amber strip lights and a soft red neon line along the ceiling, a few blurred machines in the background, nobody else around, background softly out of focus. Warm amber practical lights mixed with a soft red neon rim light, gentle contrast, glossy highlights on the skin. Photorealistic.

ACTION: She turns to stand in profile beside the bench, hands on her hips, ready to squat, glancing at the lens.

STYLE: Confident and playful: slow controlled reps, glances at the camera between sets, a teasing half-smile, breathing visibly after a set; never rushed, never cartoonish.

TRANSITION RULES: Starts on the start frame — standing facing the camera, framed from mid-thigh up, one hand on her hip, confident half-smile at the lens — and ends on exactly the pose of the end frame — standing in profile beside the bench, hands on her hips, ready to squat, head turned toward the lens. She stays fully inside the frame. Natural breathing and blinks throughout. Camera completely static. Background, outfit, body and lighting never change. No sound.","camera movement, zoom, pan, dolly, cut, scene change, morphing face, different person, changing body shape, slimmer body, changing hairstyle, changing outfit, outfit color change, extra fingers, deformed hands, extra limbs, extra people, new objects, flickering light, exposure change, text, subtitles, watermark, logo, fast jerky motion, leaving the frame, nudity, see-through fabric"
0,12_TRANSICAO_A2-A0_volta_de_frente.mp4,Transição,A2_lado.png,A0_camera.png,2–3 s,,"SCENE LOCK — Static locked-off camera (a phone on a tripod at chest height, vertical 9:16, 26mm phone lens look, slightly wide), framed from mid-thigh up, identical framing to the start frame. The same woman as the start frame: a woman in her early thirties with an oval face, high defined cheekbones and a soft narrow chin; almond-shaped pale grey-green eyes with a thin black winged eyeliner; thin straight light-brown eyebrows; fair skin with a few faint freckles across the nose and cheeks; full soft lips in a muted rosy-beige; honey-platinum blonde hair pulled into a high sleek ponytail, curtain bangs framing her face, a few loose strands; light fresh gym makeup, with a curvy athletic hourglass physique of a fitness model who trains glutes: very full, large and round natural-looking bust, narrow cinched waist with soft visible abs lines, wide hips, large round lifted glutes, thick toned thighs, defined shoulders and lean toned arms, smooth fair skin with a light healthy sheen, wearing a glossy cherry-red seamless sculpting gym set: a plunging deep V-neck sports bra with thin crisscross straps and a very deep cleavage, and matching high-waisted scrunch-butt leggings with a contour seam that lifts and shapes the glutes, white training shoes. Working out in an upscale boutique gym at night: black rubber floor, a wall of mirrors, a chrome dumbbell rack, a padded bench and a hip-thrust machine, warm amber strip lights and a soft red neon line along the ceiling, a few blurred machines in the background, nobody else around, background softly out of focus. Warm amber practical lights mixed with a soft red neon rim light, gentle contrast, glossy highlights on the skin. Photorealistic.

ACTION: She turns back to face the camera, one hand on her hip, confident half-smile.

STYLE: Confident and playful: slow controlled reps, glances at the camera between sets, a teasing half-smile, breathing visibly after a set; never rushed, never cartoonish.

TRANSITION RULES: Starts on the start frame — standing in profile beside the bench, hands on her hips, ready to squat, head turned toward the lens — and ends on exactly the pose of the end frame — standing facing the camera, framed from mid-thigh up, one hand on her hip, confident half-smile at the lens. She stays fully inside the frame. Natural breathing and blinks throughout. Camera completely static. Background, outfit, body and lighting never change. No sound.","camera movement, zoom, pan, dolly, cut, scene change, morphing face, different person, changing body shape, slimmer body, changing hairstyle, changing outfit, outfit color change, extra fingers, deformed hands, extra limbs, extra people, new objects, flickering light, exposure change, text, subtitles, watermark, logo, fast jerky motion, leaving the frame, nudity, see-through fabric"
1,13_TRANSICAO_A0-A3_chega_perto.mp4,Transição,A0_camera.png,A3_perto.png,2–3 s,,"SCENE LOCK — Static locked-off camera (a phone on a tripod at chest height, vertical 9:16, 26mm phone lens look, slightly wide), framed from mid-thigh up, identical framing to the start frame. The same woman as the start frame: a woman in her early thirties with an oval face, high defined cheekbones and a soft narrow chin; almond-shaped pale grey-green eyes with a thin black winged eyeliner; thin straight light-brown eyebrows; fair skin with a few faint freckles across the nose and cheeks; full soft lips in a muted rosy-beige; honey-platinum blonde hair pulled into a high sleek ponytail, curtain bangs framing her face, a few loose strands; light fresh gym makeup, with a curvy athletic hourglass physique of a fitness model who trains glutes: very full, large and round natural-looking bust, narrow cinched waist with soft visible abs lines, wide hips, large round lifted glutes, thick toned thighs, defined shoulders and lean toned arms, smooth fair skin with a light healthy sheen, wearing a glossy cherry-red seamless sculpting gym set: a plunging deep V-neck sports bra with thin crisscross straps and a very deep cleavage, and matching high-waisted scrunch-butt leggings with a contour seam that lifts and shapes the glutes, white training shoes. Working out in an upscale boutique gym at night: black rubber floor, a wall of mirrors, a chrome dumbbell rack, a padded bench and a hip-thrust machine, warm amber strip lights and a soft red neon line along the ceiling, a few blurred machines in the background, nobody else around, background softly out of focus. Warm amber practical lights mixed with a soft red neon rim light, gentle contrast, glossy highlights on the skin. Photorealistic.

ACTION: She takes a step toward the camera and leans in close, a warm teasing smile into the lens.

STYLE: Confident and playful: slow controlled reps, glances at the camera between sets, a teasing half-smile, breathing visibly after a set; never rushed, never cartoonish.

TRANSITION RULES: Starts on the start frame — standing facing the camera, framed from mid-thigh up, one hand on her hip, confident half-smile at the lens — and ends on exactly the pose of the end frame — leaning in close to the camera, face and neckline filling more of the frame, warm teasing smile. She stays fully inside the frame. Natural breathing and blinks throughout. Camera completely static. Background, outfit, body and lighting never change. No sound.","camera movement, zoom, pan, dolly, cut, scene change, morphing face, different person, changing body shape, slimmer body, changing hairstyle, changing outfit, outfit color change, extra fingers, deformed hands, extra limbs, extra people, new objects, flickering light, exposure change, text, subtitles, watermark, logo, fast jerky motion, leaving the frame, nudity, see-through fabric"
1,14_TRANSICAO_A3-A0_volta.mp4,Transição,A3_perto.png,A0_camera.png,2–3 s,,"SCENE LOCK — Static locked-off camera (a phone on a tripod at chest height, vertical 9:16, 26mm phone lens look, slightly wide), framed from mid-thigh up, identical framing to the start frame. The same woman as the start frame: a woman in her early thirties with an oval face, high defined cheekbones and a soft narrow chin; almond-shaped pale grey-green eyes with a thin black winged eyeliner; thin straight light-brown eyebrows; fair skin with a few faint freckles across the nose and cheeks; full soft lips in a muted rosy-beige; honey-platinum blonde hair pulled into a high sleek ponytail, curtain bangs framing her face, a few loose strands; light fresh gym makeup, with a curvy athletic hourglass physique of a fitness model who trains glutes: very full, large and round natural-looking bust, narrow cinched waist with soft visible abs lines, wide hips, large round lifted glutes, thick toned thighs, defined shoulders and lean toned arms, smooth fair skin with a light healthy sheen, wearing a glossy cherry-red seamless sculpting gym set: a plunging deep V-neck sports bra with thin crisscross straps and a very deep cleavage, and matching high-waisted scrunch-butt leggings with a contour seam that lifts and shapes the glutes, white training shoes. Working out in an upscale boutique gym at night: black rubber floor, a wall of mirrors, a chrome dumbbell rack, a padded bench and a hip-thrust machine, warm amber strip lights and a soft red neon line along the ceiling, a few blurred machines in the background, nobody else around, background softly out of focus. Warm amber practical lights mixed with a soft red neon rim light, gentle contrast, glossy highlights on the skin. Photorealistic.

ACTION: She straightens up and steps back to her place, one hand on her hip.

STYLE: Confident and playful: slow controlled reps, glances at the camera between sets, a teasing half-smile, breathing visibly after a set; never rushed, never cartoonish.

TRANSITION RULES: Starts on the start frame — leaning in close to the camera, face and neckline filling more of the frame, warm teasing smile — and ends on exactly the pose of the end frame — standing facing the camera, framed from mid-thigh up, one hand on her hip, confident half-smile at the lens. She stays fully inside the frame. Natural breathing and blinks throughout. Camera completely static. Background, outfit, body and lighting never change. No sound.","camera movement, zoom, pan, dolly, cut, scene change, morphing face, different person, changing body shape, slimmer body, changing hairstyle, changing outfit, outfit color change, extra fingers, deformed hands, extra limbs, extra people, new objects, flickering light, exposure change, text, subtitles, watermark, logo, fast jerky motion, leaving the frame, nudity, see-through fabric"
1,15_FLUXO_A1_le_e_ri.mp4,Fluxo (micro-idle),A1_chat.png,A1_chat.png,4–5 s,,"SCENE LOCK — Static locked-off camera (a phone on a tripod at chest height, vertical 9:16, 26mm phone lens look, slightly wide), framed from mid-thigh up, identical framing to the start frame. The same woman as the start frame: a woman in her early thirties with an oval face, high defined cheekbones and a soft narrow chin; almond-shaped pale grey-green eyes with a thin black winged eyeliner; thin straight light-brown eyebrows; fair skin with a few faint freckles across the nose and cheeks; full soft lips in a muted rosy-beige; honey-platinum blonde hair pulled into a high sleek ponytail, curtain bangs framing her face, a few loose strands; light fresh gym makeup, with a curvy athletic hourglass physique of a fitness model who trains glutes: very full, large and round natural-looking bust, narrow cinched waist with soft visible abs lines, wide hips, large round lifted glutes, thick toned thighs, defined shoulders and lean toned arms, smooth fair skin with a light healthy sheen, wearing a glossy cherry-red seamless sculpting gym set: a plunging deep V-neck sports bra with thin crisscross straps and a very deep cleavage, and matching high-waisted scrunch-butt leggings with a contour seam that lifts and shapes the glutes, white training shoes. Working out in an upscale boutique gym at night: black rubber floor, a wall of mirrors, a chrome dumbbell rack, a padded bench and a hip-thrust machine, warm amber strip lights and a soft red neon line along the ceiling, a few blurred machines in the background, nobody else around, background softly out of focus. Warm amber practical lights mixed with a soft red neon rim light, gentle contrast, glossy highlights on the skin. Photorealistic.

ACTION: She reads something on the phone, laughs softly and shakes her head, still looking at the screen.

STYLE: Confident and playful: slow controlled reps, glances at the camera between sets, a teasing half-smile, breathing visibly after a set; never rushed, never cartoonish.

LOOP RULES: Starts on the start frame and ends on exactly the same pose as the end frame — standing facing the camera, holding her phone at chest height with both hands, eyes down reading the screen. She stays fully inside the frame. Natural breathing and blinks throughout. Camera completely static. Background, outfit, body and lighting never change. No sound.","camera movement, zoom, pan, dolly, cut, scene change, morphing face, different person, changing body shape, slimmer body, changing hairstyle, changing outfit, outfit color change, extra fingers, deformed hands, extra limbs, extra people, new objects, flickering light, exposure change, text, subtitles, watermark, logo, fast jerky motion, leaving the frame, nudity, see-through fabric"
2,16_FLUXO_A1_digita.mp4,Fluxo (micro-idle),A1_chat.png,A1_chat.png,4–5 s,,"SCENE LOCK — Static locked-off camera (a phone on a tripod at chest height, vertical 9:16, 26mm phone lens look, slightly wide), framed from mid-thigh up, identical framing to the start frame. The same woman as the start frame: a woman in her early thirties with an oval face, high defined cheekbones and a soft narrow chin; almond-shaped pale grey-green eyes with a thin black winged eyeliner; thin straight light-brown eyebrows; fair skin with a few faint freckles across the nose and cheeks; full soft lips in a muted rosy-beige; honey-platinum blonde hair pulled into a high sleek ponytail, curtain bangs framing her face, a few loose strands; light fresh gym makeup, with a curvy athletic hourglass physique of a fitness model who trains glutes: very full, large and round natural-looking bust, narrow cinched waist with soft visible abs lines, wide hips, large round lifted glutes, thick toned thighs, defined shoulders and lean toned arms, smooth fair skin with a light healthy sheen, wearing a glossy cherry-red seamless sculpting gym set: a plunging deep V-neck sports bra with thin crisscross straps and a very deep cleavage, and matching high-waisted scrunch-butt leggings with a contour seam that lifts and shapes the glutes, white training shoes. Working out in an upscale boutique gym at night: black rubber floor, a wall of mirrors, a chrome dumbbell rack, a padded bench and a hip-thrust machine, warm amber strip lights and a soft red neon line along the ceiling, a few blurred machines in the background, nobody else around, background softly out of focus. Warm amber practical lights mixed with a soft red neon rim light, gentle contrast, glossy highlights on the skin. Photorealistic.

ACTION: She types a quick reply on the phone with both thumbs, smiling at what she writes.

STYLE: Confident and playful: slow controlled reps, glances at the camera between sets, a teasing half-smile, breathing visibly after a set; never rushed, never cartoonish.

LOOP RULES: Starts on the start frame and ends on exactly the same pose as the end frame — standing facing the camera, holding her phone at chest height with both hands, eyes down reading the screen. She stays fully inside the frame. Natural breathing and blinks throughout. Camera completely static. Background, outfit, body and lighting never change. No sound.","camera movement, zoom, pan, dolly, cut, scene change, morphing face, different person, changing body shape, slimmer body, changing hairstyle, changing outfit, outfit color change, extra fingers, deformed hands, extra limbs, extra people, new objects, flickering light, exposure change, text, subtitles, watermark, logo, fast jerky motion, leaving the frame, nudity, see-through fabric"
1,17_FLUXO_A2_agachamento.mp4,Fluxo (micro-idle),A2_lado.png,A2_lado.png,4–5 s,,"SCENE LOCK — Static locked-off camera (a phone on a tripod at chest height, vertical 9:16, 26mm phone lens look, slightly wide), framed from mid-thigh up, identical framing to the start frame. The same woman as the start frame: a woman in her early thirties with an oval face, high defined cheekbones and a soft narrow chin; almond-shaped pale grey-green eyes with a thin black winged eyeliner; thin straight light-brown eyebrows; fair skin with a few faint freckles across the nose and cheeks; full soft lips in a muted rosy-beige; honey-platinum blonde hair pulled into a high sleek ponytail, curtain bangs framing her face, a few loose strands; light fresh gym makeup, with a curvy athletic hourglass physique of a fitness model who trains glutes: very full, large and round natural-looking bust, narrow cinched waist with soft visible abs lines, wide hips, large round lifted glutes, thick toned thighs, defined shoulders and lean toned arms, smooth fair skin with a light healthy sheen, wearing a glossy cherry-red seamless sculpting gym set: a plunging deep V-neck sports bra with thin crisscross straps and a very deep cleavage, and matching high-waisted scrunch-butt leggings with a contour seam that lifts and shapes the glutes, white training shoes. Working out in an upscale boutique gym at night: black rubber floor, a wall of mirrors, a chrome dumbbell rack, a padded bench and a hip-thrust machine, warm amber strip lights and a soft red neon line along the ceiling, a few blurred machines in the background, nobody else around, background softly out of focus. Warm amber practical lights mixed with a soft red neon rim light, gentle contrast, glossy highlights on the skin. Photorealistic.

ACTION: Three slow controlled bodyweight squats in profile: hips back and down, glutes and thighs engaged under the leggings, rising back up each time, glancing at the camera on the last rep.

STYLE: Confident and playful: slow controlled reps, glances at the camera between sets, a teasing half-smile, breathing visibly after a set; never rushed, never cartoonish.

LOOP RULES: Starts on the start frame and ends on exactly the same pose as the end frame — standing in profile beside the bench, hands on her hips, ready to squat, head turned toward the lens. She stays fully inside the frame. Natural breathing and blinks throughout. Camera completely static. Background, outfit, body and lighting never change. No sound.","camera movement, zoom, pan, dolly, cut, scene change, morphing face, different person, changing body shape, slimmer body, changing hairstyle, changing outfit, outfit color change, extra fingers, deformed hands, extra limbs, extra people, new objects, flickering light, exposure change, text, subtitles, watermark, logo, fast jerky motion, leaving the frame, nudity, see-through fabric"
2,18_FLUXO_A2_agachamento_pausa.mp4,Fluxo (micro-idle),A2_lado.png,A2_lado.png,4–5 s,,"SCENE LOCK — Static locked-off camera (a phone on a tripod at chest height, vertical 9:16, 26mm phone lens look, slightly wide), framed from mid-thigh up, identical framing to the start frame. The same woman as the start frame: a woman in her early thirties with an oval face, high defined cheekbones and a soft narrow chin; almond-shaped pale grey-green eyes with a thin black winged eyeliner; thin straight light-brown eyebrows; fair skin with a few faint freckles across the nose and cheeks; full soft lips in a muted rosy-beige; honey-platinum blonde hair pulled into a high sleek ponytail, curtain bangs framing her face, a few loose strands; light fresh gym makeup, with a curvy athletic hourglass physique of a fitness model who trains glutes: very full, large and round natural-looking bust, narrow cinched waist with soft visible abs lines, wide hips, large round lifted glutes, thick toned thighs, defined shoulders and lean toned arms, smooth fair skin with a light healthy sheen, wearing a glossy cherry-red seamless sculpting gym set: a plunging deep V-neck sports bra with thin crisscross straps and a very deep cleavage, and matching high-waisted scrunch-butt leggings with a contour seam that lifts and shapes the glutes, white training shoes. Working out in an upscale boutique gym at night: black rubber floor, a wall of mirrors, a chrome dumbbell rack, a padded bench and a hip-thrust machine, warm amber strip lights and a soft red neon line along the ceiling, a few blurred machines in the background, nobody else around, background softly out of focus. Warm amber practical lights mixed with a soft red neon rim light, gentle contrast, glossy highlights on the skin. Photorealistic.

ACTION: One deep slow squat in profile, holding at the bottom for two seconds with a focused face, then rising back up.

STYLE: Confident and playful: slow controlled reps, glances at the camera between sets, a teasing half-smile, breathing visibly after a set; never rushed, never cartoonish.

LOOP RULES: Starts on the start frame and ends on exactly the same pose as the end frame — standing in profile beside the bench, hands on her hips, ready to squat, head turned toward the lens. She stays fully inside the frame. Natural breathing and blinks throughout. Camera completely static. Background, outfit, body and lighting never change. No sound.","camera movement, zoom, pan, dolly, cut, scene change, morphing face, different person, changing body shape, slimmer body, changing hairstyle, changing outfit, outfit color change, extra fingers, deformed hands, extra limbs, extra people, new objects, flickering light, exposure change, text, subtitles, watermark, logo, fast jerky motion, leaving the frame, nudity, see-through fabric"
2,19_FLUXO_A2_afundo.mp4,Fluxo (micro-idle),A2_lado.png,A2_lado.png,4–5 s,,"SCENE LOCK — Static locked-off camera (a phone on a tripod at chest height, vertical 9:16, 26mm phone lens look, slightly wide), framed from mid-thigh up, identical framing to the start frame. The same woman as the start frame: a woman in her early thirties with an oval face, high defined cheekbones and a soft narrow chin; almond-shaped pale grey-green eyes with a thin black winged eyeliner; thin straight light-brown eyebrows; fair skin with a few faint freckles across the nose and cheeks; full soft lips in a muted rosy-beige; honey-platinum blonde hair pulled into a high sleek ponytail, curtain bangs framing her face, a few loose strands; light fresh gym makeup, with a curvy athletic hourglass physique of a fitness model who trains glutes: very full, large and round natural-looking bust, narrow cinched waist with soft visible abs lines, wide hips, large round lifted glutes, thick toned thighs, defined shoulders and lean toned arms, smooth fair skin with a light healthy sheen, wearing a glossy cherry-red seamless sculpting gym set: a plunging deep V-neck sports bra with thin crisscross straps and a very deep cleavage, and matching high-waisted scrunch-butt leggings with a contour seam that lifts and shapes the glutes, white training shoes. Working out in an upscale boutique gym at night: black rubber floor, a wall of mirrors, a chrome dumbbell rack, a padded bench and a hip-thrust machine, warm amber strip lights and a soft red neon line along the ceiling, a few blurred machines in the background, nobody else around, background softly out of focus. Warm amber practical lights mixed with a soft red neon rim light, gentle contrast, glossy highlights on the skin. Photorealistic.

ACTION: She steps one leg back into a slow reverse lunge, rises, then does the same with the other leg, ending standing in profile.

STYLE: Confident and playful: slow controlled reps, glances at the camera between sets, a teasing half-smile, breathing visibly after a set; never rushed, never cartoonish.

LOOP RULES: Starts on the start frame and ends on exactly the same pose as the end frame — standing in profile beside the bench, hands on her hips, ready to squat, head turned toward the lens. She stays fully inside the frame. Natural breathing and blinks throughout. Camera completely static. Background, outfit, body and lighting never change. No sound.","camera movement, zoom, pan, dolly, cut, scene change, morphing face, different person, changing body shape, slimmer body, changing hairstyle, changing outfit, outfit color change, extra fingers, deformed hands, extra limbs, extra people, new objects, flickering light, exposure change, text, subtitles, watermark, logo, fast jerky motion, leaving the frame, nudity, see-through fabric"
2,20_FLUXO_A2_respira_de_lado.mp4,Fluxo (micro-idle),A2_lado.png,A2_lado.png,4–5 s,,"SCENE LOCK — Static locked-off camera (a phone on a tripod at chest height, vertical 9:16, 26mm phone lens look, slightly wide), framed from mid-thigh up, identical framing to the start frame. The same woman as the start frame: a woman in her early thirties with an oval face, high defined cheekbones and a soft narrow chin; almond-shaped pale grey-green eyes with a thin black winged eyeliner; thin straight light-brown eyebrows; fair skin with a few faint freckles across the nose and cheeks; full soft lips in a muted rosy-beige; honey-platinum blonde hair pulled into a high sleek ponytail, curtain bangs framing her face, a few loose strands; light fresh gym makeup, with a curvy athletic hourglass physique of a fitness model who trains glutes: very full, large and round natural-looking bust, narrow cinched waist with soft visible abs lines, wide hips, large round lifted glutes, thick toned thighs, defined shoulders and lean toned arms, smooth fair skin with a light healthy sheen, wearing a glossy cherry-red seamless sculpting gym set: a plunging deep V-neck sports bra with thin crisscross straps and a very deep cleavage, and matching high-waisted scrunch-butt leggings with a contour seam that lifts and shapes the glutes, white training shoes. Working out in an upscale boutique gym at night: black rubber floor, a wall of mirrors, a chrome dumbbell rack, a padded bench and a hip-thrust machine, warm amber strip lights and a soft red neon line along the ceiling, a few blurred machines in the background, nobody else around, background softly out of focus. Warm amber practical lights mixed with a soft red neon rim light, gentle contrast, glossy highlights on the skin. Photorealistic.

ACTION: Standing in profile with hands on her hips, she catches her breath and throws a quick smile toward the lens.

STYLE: Confident and playful: slow controlled reps, glances at the camera between sets, a teasing half-smile, breathing visibly after a set; never rushed, never cartoonish.

LOOP RULES: Starts on the start frame and ends on exactly the same pose as the end frame — standing in profile beside the bench, hands on her hips, ready to squat, head turned toward the lens. She stays fully inside the frame. Natural breathing and blinks throughout. Camera completely static. Background, outfit, body and lighting never change. No sound.","camera movement, zoom, pan, dolly, cut, scene change, morphing face, different person, changing body shape, slimmer body, changing hairstyle, changing outfit, outfit color change, extra fingers, deformed hands, extra limbs, extra people, new objects, flickering light, exposure change, text, subtitles, watermark, logo, fast jerky motion, leaving the frame, nudity, see-through fabric"
1,21_FLUXO_A3_conversa.mp4,Fluxo (micro-idle),A3_perto.png,A3_perto.png,4–5 s,,"SCENE LOCK — Static locked-off camera (a phone on a tripod at chest height, vertical 9:16, 26mm phone lens look, slightly wide), framed from mid-thigh up, identical framing to the start frame. The same woman as the start frame: a woman in her early thirties with an oval face, high defined cheekbones and a soft narrow chin; almond-shaped pale grey-green eyes with a thin black winged eyeliner; thin straight light-brown eyebrows; fair skin with a few faint freckles across the nose and cheeks; full soft lips in a muted rosy-beige; honey-platinum blonde hair pulled into a high sleek ponytail, curtain bangs framing her face, a few loose strands; light fresh gym makeup, with a curvy athletic hourglass physique of a fitness model who trains glutes: very full, large and round natural-looking bust, narrow cinched waist with soft visible abs lines, wide hips, large round lifted glutes, thick toned thighs, defined shoulders and lean toned arms, smooth fair skin with a light healthy sheen, wearing a glossy cherry-red seamless sculpting gym set: a plunging deep V-neck sports bra with thin crisscross straps and a very deep cleavage, and matching high-waisted scrunch-butt leggings with a contour seam that lifts and shapes the glutes, white training shoes. Working out in an upscale boutique gym at night: black rubber floor, a wall of mirrors, a chrome dumbbell rack, a padded bench and a hip-thrust machine, warm amber strip lights and a soft red neon line along the ceiling, a few blurred machines in the background, nobody else around, background softly out of focus. Warm amber practical lights mixed with a soft red neon rim light, gentle contrast, glossy highlights on the skin. Photorealistic.

ACTION: Leaning close, she talks animatedly to the camera as if answering a question from the chat, expressive eyebrows, smiling. Silent.

STYLE: Confident and playful: slow controlled reps, glances at the camera between sets, a teasing half-smile, breathing visibly after a set; never rushed, never cartoonish.

LOOP RULES: Starts on the start frame and ends on exactly the same pose as the end frame — leaning in close to the camera, face and neckline filling more of the frame, warm teasing smile. She stays fully inside the frame. Natural breathing and blinks throughout. Camera completely static. Background, outfit, body and lighting never change. No sound.","camera movement, zoom, pan, dolly, cut, scene change, morphing face, different person, changing body shape, slimmer body, changing hairstyle, changing outfit, outfit color change, extra fingers, deformed hands, extra limbs, extra people, new objects, flickering light, exposure change, text, subtitles, watermark, logo, fast jerky motion, leaving the frame, nudity, see-through fabric"
2,22_FLUXO_A3_sorriso.mp4,Fluxo (micro-idle),A3_perto.png,A3_perto.png,4–5 s,,"SCENE LOCK — Static locked-off camera (a phone on a tripod at chest height, vertical 9:16, 26mm phone lens look, slightly wide), framed from mid-thigh up, identical framing to the start frame. The same woman as the start frame: a woman in her early thirties with an oval face, high defined cheekbones and a soft narrow chin; almond-shaped pale grey-green eyes with a thin black winged eyeliner; thin straight light-brown eyebrows; fair skin with a few faint freckles across the nose and cheeks; full soft lips in a muted rosy-beige; honey-platinum blonde hair pulled into a high sleek ponytail, curtain bangs framing her face, a few loose strands; light fresh gym makeup, with a curvy athletic hourglass physique of a fitness model who trains glutes: very full, large and round natural-looking bust, narrow cinched waist with soft visible abs lines, wide hips, large round lifted glutes, thick toned thighs, defined shoulders and lean toned arms, smooth fair skin with a light healthy sheen, wearing a glossy cherry-red seamless sculpting gym set: a plunging deep V-neck sports bra with thin crisscross straps and a very deep cleavage, and matching high-waisted scrunch-butt leggings with a contour seam that lifts and shapes the glutes, white training shoes. Working out in an upscale boutique gym at night: black rubber floor, a wall of mirrors, a chrome dumbbell rack, a padded bench and a hip-thrust machine, warm amber strip lights and a soft red neon line along the ceiling, a few blurred machines in the background, nobody else around, background softly out of focus. Warm amber practical lights mixed with a soft red neon rim light, gentle contrast, glossy highlights on the skin. Photorealistic.

ACTION: Close to the lens, her smile slowly grows, she bites her lower lip lightly and lets out a small laugh.

STYLE: Confident and playful: slow controlled reps, glances at the camera between sets, a teasing half-smile, breathing visibly after a set; never rushed, never cartoonish.

LOOP RULES: Starts on the start frame and ends on exactly the same pose as the end frame — leaning in close to the camera, face and neckline filling more of the frame, warm teasing smile. She stays fully inside the frame. Natural breathing and blinks throughout. Camera completely static. Background, outfit, body and lighting never change. No sound.","camera movement, zoom, pan, dolly, cut, scene change, morphing face, different person, changing body shape, slimmer body, changing hairstyle, changing outfit, outfit color change, extra fingers, deformed hands, extra limbs, extra people, new objects, flickering light, exposure change, text, subtitles, watermark, logo, fast jerky motion, leaving the frame, nudity, see-through fabric"
1,23_GATILHO_A0_aceno.mp4,Gatilho (reação),A0_camera.png,A0_camera.png,5–8 s,follow,"SCENE LOCK — Static locked-off camera (a phone on a tripod at chest height, vertical 9:16, 26mm phone lens look, slightly wide), framed from mid-thigh up, identical framing to the start frame. The same woman as the start frame: a woman in her early thirties with an oval face, high defined cheekbones and a soft narrow chin; almond-shaped pale grey-green eyes with a thin black winged eyeliner; thin straight light-brown eyebrows; fair skin with a few faint freckles across the nose and cheeks; full soft lips in a muted rosy-beige; honey-platinum blonde hair pulled into a high sleek ponytail, curtain bangs framing her face, a few loose strands; light fresh gym makeup, with a curvy athletic hourglass physique of a fitness model who trains glutes: very full, large and round natural-looking bust, narrow cinched waist with soft visible abs lines, wide hips, large round lifted glutes, thick toned thighs, defined shoulders and lean toned arms, smooth fair skin with a light healthy sheen, wearing a glossy cherry-red seamless sculpting gym set: a plunging deep V-neck sports bra with thin crisscross straps and a very deep cleavage, and matching high-waisted scrunch-butt leggings with a contour seam that lifts and shapes the glutes, white training shoes. Working out in an upscale boutique gym at night: black rubber floor, a wall of mirrors, a chrome dumbbell rack, a padded bench and a hip-thrust machine, warm amber strip lights and a soft red neon line along the ceiling, a few blurred machines in the background, nobody else around, background softly out of focus. Warm amber practical lights mixed with a soft red neon rim light, gentle contrast, glossy highlights on the skin. Photorealistic.

ACTION: She notices someone new, brightens, and gives a friendly wave with a big smile, then the hand returns to her hip.

STYLE: Confident and playful: slow controlled reps, glances at the camera between sets, a teasing half-smile, breathing visibly after a set; never rushed, never cartoonish.

LOOP RULES: Starts on the start frame and ends on exactly the same pose as the end frame — standing facing the camera, framed from mid-thigh up, one hand on her hip, confident half-smile at the lens. She stays fully inside the frame. Natural breathing and blinks throughout. Camera completely static. Background, outfit, body and lighting never change. No sound.","camera movement, zoom, pan, dolly, cut, scene change, morphing face, different person, changing body shape, slimmer body, changing hairstyle, changing outfit, outfit color change, extra fingers, deformed hands, extra limbs, extra people, new objects, flickering light, exposure change, text, subtitles, watermark, logo, fast jerky motion, leaving the frame, nudity, see-through fabric"
0,24_GATILHO_A0_beijo.mp4,Gatilho (reação),A0_camera.png,A0_camera.png,5–8 s,presente pequeno,"SCENE LOCK — Static locked-off camera (a phone on a tripod at chest height, vertical 9:16, 26mm phone lens look, slightly wide), framed from mid-thigh up, identical framing to the start frame. The same woman as the start frame: a woman in her early thirties with an oval face, high defined cheekbones and a soft narrow chin; almond-shaped pale grey-green eyes with a thin black winged eyeliner; thin straight light-brown eyebrows; fair skin with a few faint freckles across the nose and cheeks; full soft lips in a muted rosy-beige; honey-platinum blonde hair pulled into a high sleek ponytail, curtain bangs framing her face, a few loose strands; light fresh gym makeup, with a curvy athletic hourglass physique of a fitness model who trains glutes: very full, large and round natural-looking bust, narrow cinched waist with soft visible abs lines, wide hips, large round lifted glutes, thick toned thighs, defined shoulders and lean toned arms, smooth fair skin with a light healthy sheen, wearing a glossy cherry-red seamless sculpting gym set: a plunging deep V-neck sports bra with thin crisscross straps and a very deep cleavage, and matching high-waisted scrunch-butt leggings with a contour seam that lifts and shapes the glutes, white training shoes. Working out in an upscale boutique gym at night: black rubber floor, a wall of mirrors, a chrome dumbbell rack, a padded bench and a hip-thrust machine, warm amber strip lights and a soft red neon line along the ceiling, a few blurred machines in the background, nobody else around, background softly out of focus. Warm amber practical lights mixed with a soft red neon rim light, gentle contrast, glossy highlights on the skin. Photorealistic.

ACTION: She blows a kiss to the camera, adds a playful wink, and the hand returns to her hip.

STYLE: Confident and playful: slow controlled reps, glances at the camera between sets, a teasing half-smile, breathing visibly after a set; never rushed, never cartoonish.

LOOP RULES: Starts on the start frame and ends on exactly the same pose as the end frame — standing facing the camera, framed from mid-thigh up, one hand on her hip, confident half-smile at the lens. She stays fully inside the frame. Natural breathing and blinks throughout. Camera completely static. Background, outfit, body and lighting never change. No sound.","camera movement, zoom, pan, dolly, cut, scene change, morphing face, different person, changing body shape, slimmer body, changing hairstyle, changing outfit, outfit color change, extra fingers, deformed hands, extra limbs, extra people, new objects, flickering light, exposure change, text, subtitles, watermark, logo, fast jerky motion, leaving the frame, nudity, see-through fabric"
1,25_GATILHO_A0_biceps.mp4,Gatilho (reação),A0_camera.png,A0_camera.png,5–8 s,presente médio,"SCENE LOCK — Static locked-off camera (a phone on a tripod at chest height, vertical 9:16, 26mm phone lens look, slightly wide), framed from mid-thigh up, identical framing to the start frame. The same woman as the start frame: a woman in her early thirties with an oval face, high defined cheekbones and a soft narrow chin; almond-shaped pale grey-green eyes with a thin black winged eyeliner; thin straight light-brown eyebrows; fair skin with a few faint freckles across the nose and cheeks; full soft lips in a muted rosy-beige; honey-platinum blonde hair pulled into a high sleek ponytail, curtain bangs framing her face, a few loose strands; light fresh gym makeup, with a curvy athletic hourglass physique of a fitness model who trains glutes: very full, large and round natural-looking bust, narrow cinched waist with soft visible abs lines, wide hips, large round lifted glutes, thick toned thighs, defined shoulders and lean toned arms, smooth fair skin with a light healthy sheen, wearing a glossy cherry-red seamless sculpting gym set: a plunging deep V-neck sports bra with thin crisscross straps and a very deep cleavage, and matching high-waisted scrunch-butt leggings with a contour seam that lifts and shapes the glutes, white training shoes. Working out in an upscale boutique gym at night: black rubber floor, a wall of mirrors, a chrome dumbbell rack, a padded bench and a hip-thrust machine, warm amber strip lights and a soft red neon line along the ceiling, a few blurred machines in the background, nobody else around, background softly out of focus. Warm amber practical lights mixed with a soft red neon rim light, gentle contrast, glossy highlights on the skin. Photorealistic.

ACTION: She flexes one bicep proudly toward the camera with a playful grin, gives it a little tap, then relaxes back to the pose.

STYLE: Confident and playful: slow controlled reps, glances at the camera between sets, a teasing half-smile, breathing visibly after a set; never rushed, never cartoonish.

LOOP RULES: Starts on the start frame and ends on exactly the same pose as the end frame — standing facing the camera, framed from mid-thigh up, one hand on her hip, confident half-smile at the lens. She stays fully inside the frame. Natural breathing and blinks throughout. Camera completely static. Background, outfit, body and lighting never change. No sound.","camera movement, zoom, pan, dolly, cut, scene change, morphing face, different person, changing body shape, slimmer body, changing hairstyle, changing outfit, outfit color change, extra fingers, deformed hands, extra limbs, extra people, new objects, flickering light, exposure change, text, subtitles, watermark, logo, fast jerky motion, leaving the frame, nudity, see-through fabric"
1,26_GATILHO_A0_mais_uma_serie.mp4,Gatilho (reação),A0_camera.png,A0_camera.png,5–8 s,presente grande,"SCENE LOCK — Static locked-off camera (a phone on a tripod at chest height, vertical 9:16, 26mm phone lens look, slightly wide), framed from mid-thigh up, identical framing to the start frame. The same woman as the start frame: a woman in her early thirties with an oval face, high defined cheekbones and a soft narrow chin; almond-shaped pale grey-green eyes with a thin black winged eyeliner; thin straight light-brown eyebrows; fair skin with a few faint freckles across the nose and cheeks; full soft lips in a muted rosy-beige; honey-platinum blonde hair pulled into a high sleek ponytail, curtain bangs framing her face, a few loose strands; light fresh gym makeup, with a curvy athletic hourglass physique of a fitness model who trains glutes: very full, large and round natural-looking bust, narrow cinched waist with soft visible abs lines, wide hips, large round lifted glutes, thick toned thighs, defined shoulders and lean toned arms, smooth fair skin with a light healthy sheen, wearing a glossy cherry-red seamless sculpting gym set: a plunging deep V-neck sports bra with thin crisscross straps and a very deep cleavage, and matching high-waisted scrunch-butt leggings with a contour seam that lifts and shapes the glutes, white training shoes. Working out in an upscale boutique gym at night: black rubber floor, a wall of mirrors, a chrome dumbbell rack, a padded bench and a hip-thrust machine, warm amber strip lights and a soft red neon line along the ceiling, a few blurred machines in the background, nobody else around, background softly out of focus. Warm amber practical lights mixed with a soft red neon rim light, gentle contrast, glossy highlights on the skin. Photorealistic.

ACTION: She points at the camera, mouths ""one more for you"", does two quick squats facing the camera, and stands back up with a hand on her hip, beaming.

STYLE: Confident and playful: slow controlled reps, glances at the camera between sets, a teasing half-smile, breathing visibly after a set; never rushed, never cartoonish.

LOOP RULES: Starts on the start frame and ends on exactly the same pose as the end frame — standing facing the camera, framed from mid-thigh up, one hand on her hip, confident half-smile at the lens. She stays fully inside the frame. Natural breathing and blinks throughout. Camera completely static. Background, outfit, body and lighting never change. No sound.","camera movement, zoom, pan, dolly, cut, scene change, morphing face, different person, changing body shape, slimmer body, changing hairstyle, changing outfit, outfit color change, extra fingers, deformed hands, extra limbs, extra people, new objects, flickering light, exposure change, text, subtitles, watermark, logo, fast jerky motion, leaving the frame, nudity, see-through fabric"
1,27_GATILHO_A0_risada.mp4,Gatilho (reação),A0_camera.png,A0_camera.png,5–8 s,msg engraçada,"SCENE LOCK — Static locked-off camera (a phone on a tripod at chest height, vertical 9:16, 26mm phone lens look, slightly wide), framed from mid-thigh up, identical framing to the start frame. The same woman as the start frame: a woman in her early thirties with an oval face, high defined cheekbones and a soft narrow chin; almond-shaped pale grey-green eyes with a thin black winged eyeliner; thin straight light-brown eyebrows; fair skin with a few faint freckles across the nose and cheeks; full soft lips in a muted rosy-beige; honey-platinum blonde hair pulled into a high sleek ponytail, curtain bangs framing her face, a few loose strands; light fresh gym makeup, with a curvy athletic hourglass physique of a fitness model who trains glutes: very full, large and round natural-looking bust, narrow cinched waist with soft visible abs lines, wide hips, large round lifted glutes, thick toned thighs, defined shoulders and lean toned arms, smooth fair skin with a light healthy sheen, wearing a glossy cherry-red seamless sculpting gym set: a plunging deep V-neck sports bra with thin crisscross straps and a very deep cleavage, and matching high-waisted scrunch-butt leggings with a contour seam that lifts and shapes the glutes, white training shoes. Working out in an upscale boutique gym at night: black rubber floor, a wall of mirrors, a chrome dumbbell rack, a padded bench and a hip-thrust machine, warm amber strip lights and a soft red neon line along the ceiling, a few blurred machines in the background, nobody else around, background softly out of focus. Warm amber practical lights mixed with a soft red neon rim light, gentle contrast, glossy highlights on the skin. Photorealistic.

ACTION: She bursts into a genuine laugh, head tipping back, a hand briefly on her stomach, then settles into a smile.

STYLE: Confident and playful: slow controlled reps, glances at the camera between sets, a teasing half-smile, breathing visibly after a set; never rushed, never cartoonish.

LOOP RULES: Starts on the start frame and ends on exactly the same pose as the end frame — standing facing the camera, framed from mid-thigh up, one hand on her hip, confident half-smile at the lens. She stays fully inside the frame. Natural breathing and blinks throughout. Camera completely static. Background, outfit, body and lighting never change. No sound.","camera movement, zoom, pan, dolly, cut, scene change, morphing face, different person, changing body shape, slimmer body, changing hairstyle, changing outfit, outfit color change, extra fingers, deformed hands, extra limbs, extra people, new objects, flickering light, exposure change, text, subtitles, watermark, logo, fast jerky motion, leaving the frame, nudity, see-through fabric"
2,28_GATILHO_A0_gira_look.mp4,Gatilho (reação),A0_camera.png,A0_camera.png,5–8 s,elogio,"SCENE LOCK — Static locked-off camera (a phone on a tripod at chest height, vertical 9:16, 26mm phone lens look, slightly wide), framed from mid-thigh up, identical framing to the start frame. The same woman as the start frame: a woman in her early thirties with an oval face, high defined cheekbones and a soft narrow chin; almond-shaped pale grey-green eyes with a thin black winged eyeliner; thin straight light-brown eyebrows; fair skin with a few faint freckles across the nose and cheeks; full soft lips in a muted rosy-beige; honey-platinum blonde hair pulled into a high sleek ponytail, curtain bangs framing her face, a few loose strands; light fresh gym makeup, with a curvy athletic hourglass physique of a fitness model who trains glutes: very full, large and round natural-looking bust, narrow cinched waist with soft visible abs lines, wide hips, large round lifted glutes, thick toned thighs, defined shoulders and lean toned arms, smooth fair skin with a light healthy sheen, wearing a glossy cherry-red seamless sculpting gym set: a plunging deep V-neck sports bra with thin crisscross straps and a very deep cleavage, and matching high-waisted scrunch-butt leggings with a contour seam that lifts and shapes the glutes, white training shoes. Working out in an upscale boutique gym at night: black rubber floor, a wall of mirrors, a chrome dumbbell rack, a padded bench and a hip-thrust machine, warm amber strip lights and a soft red neon line along the ceiling, a few blurred machines in the background, nobody else around, background softly out of focus. Warm amber practical lights mixed with a soft red neon rim light, gentle contrast, glossy highlights on the skin. Photorealistic.

ACTION: Flattered, she does a slow full turn showing off her outfit and ends facing the camera again with a shy smile and a hand on her hip.

STYLE: Confident and playful: slow controlled reps, glances at the camera between sets, a teasing half-smile, breathing visibly after a set; never rushed, never cartoonish.

LOOP RULES: Starts on the start frame and ends on exactly the same pose as the end frame — standing facing the camera, framed from mid-thigh up, one hand on her hip, confident half-smile at the lens. She stays fully inside the frame. Natural breathing and blinks throughout. Camera completely static. Background, outfit, body and lighting never change. No sound.","camera movement, zoom, pan, dolly, cut, scene change, morphing face, different person, changing body shape, slimmer body, changing hairstyle, changing outfit, outfit color change, extra fingers, deformed hands, extra limbs, extra people, new objects, flickering light, exposure change, text, subtitles, watermark, logo, fast jerky motion, leaving the frame, nudity, see-through fabric"
2,29_GATILHO_A0_nao_nao.mp4,Gatilho (reação),A0_camera.png,A0_camera.png,5–8 s,provocação,"SCENE LOCK — Static locked-off camera (a phone on a tripod at chest height, vertical 9:16, 26mm phone lens look, slightly wide), framed from mid-thigh up, identical framing to the start frame. The same woman as the start frame: a woman in her early thirties with an oval face, high defined cheekbones and a soft narrow chin; almond-shaped pale grey-green eyes with a thin black winged eyeliner; thin straight light-brown eyebrows; fair skin with a few faint freckles across the nose and cheeks; full soft lips in a muted rosy-beige; honey-platinum blonde hair pulled into a high sleek ponytail, curtain bangs framing her face, a few loose strands; light fresh gym makeup, with a curvy athletic hourglass physique of a fitness model who trains glutes: very full, large and round natural-looking bust, narrow cinched waist with soft visible abs lines, wide hips, large round lifted glutes, thick toned thighs, defined shoulders and lean toned arms, smooth fair skin with a light healthy sheen, wearing a glossy cherry-red seamless sculpting gym set: a plunging deep V-neck sports bra with thin crisscross straps and a very deep cleavage, and matching high-waisted scrunch-butt leggings with a contour seam that lifts and shapes the glutes, white training shoes. Working out in an upscale boutique gym at night: black rubber floor, a wall of mirrors, a chrome dumbbell rack, a padded bench and a hip-thrust machine, warm amber strip lights and a soft red neon line along the ceiling, a few blurred machines in the background, nobody else around, background softly out of focus. Warm amber practical lights mixed with a soft red neon rim light, gentle contrast, glossy highlights on the skin. Photorealistic.

ACTION: Playful teasing: she wags her index finger ""no-no"" at the camera with a mischievous smile, then the hand returns to her hip.

STYLE: Confident and playful: slow controlled reps, glances at the camera between sets, a teasing half-smile, breathing visibly after a set; never rushed, never cartoonish.

LOOP RULES: Starts on the start frame and ends on exactly the same pose as the end frame — standing facing the camera, framed from mid-thigh up, one hand on her hip, confident half-smile at the lens. She stays fully inside the frame. Natural breathing and blinks throughout. Camera completely static. Background, outfit, body and lighting never change. No sound.","camera movement, zoom, pan, dolly, cut, scene change, morphing face, different person, changing body shape, slimmer body, changing hairstyle, changing outfit, outfit color change, extra fingers, deformed hands, extra limbs, extra people, new objects, flickering light, exposure change, text, subtitles, watermark, logo, fast jerky motion, leaving the frame, nudity, see-through fabric"
1,30_ESPECIAL_A0_bebe.mp4,Especial (beat raro),A0_camera.png,A0_camera.png,8–10 s,,"SCENE LOCK — Static locked-off camera (a phone on a tripod at chest height, vertical 9:16, 26mm phone lens look, slightly wide), framed from mid-thigh up, identical framing to the start frame. The same woman as the start frame: a woman in her early thirties with an oval face, high defined cheekbones and a soft narrow chin; almond-shaped pale grey-green eyes with a thin black winged eyeliner; thin straight light-brown eyebrows; fair skin with a few faint freckles across the nose and cheeks; full soft lips in a muted rosy-beige; honey-platinum blonde hair pulled into a high sleek ponytail, curtain bangs framing her face, a few loose strands; light fresh gym makeup, with a curvy athletic hourglass physique of a fitness model who trains glutes: very full, large and round natural-looking bust, narrow cinched waist with soft visible abs lines, wide hips, large round lifted glutes, thick toned thighs, defined shoulders and lean toned arms, smooth fair skin with a light healthy sheen, wearing a glossy cherry-red seamless sculpting gym set: a plunging deep V-neck sports bra with thin crisscross straps and a very deep cleavage, and matching high-waisted scrunch-butt leggings with a contour seam that lifts and shapes the glutes, white training shoes. Working out in an upscale boutique gym at night: black rubber floor, a wall of mirrors, a chrome dumbbell rack, a padded bench and a hip-thrust machine, warm amber strip lights and a soft red neon line along the ceiling, a few blurred machines in the background, nobody else around, background softly out of focus. Warm amber practical lights mixed with a soft red neon rim light, gentle contrast, glossy highlights on the skin. Photorealistic.

ACTION: She lifts a frosted pink shaker bottle into frame, takes a long sip, wipes her lip with the back of her hand and smiles at the lens, then lowers the bottle.

STYLE: Confident and playful: slow controlled reps, glances at the camera between sets, a teasing half-smile, breathing visibly after a set; never rushed, never cartoonish.

LOOP RULES: Starts on the start frame and ends on exactly the same pose as the end frame — standing facing the camera, framed from mid-thigh up, one hand on her hip, confident half-smile at the lens. She stays fully inside the frame. Natural breathing and blinks throughout. Camera completely static. Background, outfit, body and lighting never change. No sound.","camera movement, zoom, pan, dolly, cut, scene change, morphing face, different person, changing body shape, slimmer body, changing hairstyle, changing outfit, outfit color change, extra fingers, deformed hands, extra limbs, extra people, new objects, flickering light, exposure change, text, subtitles, watermark, logo, fast jerky motion, leaving the frame, nudity, see-through fabric"
2,31_ESPECIAL_A0_toalha.mp4,Especial (beat raro),A0_camera.png,A0_camera.png,8–10 s,,"SCENE LOCK — Static locked-off camera (a phone on a tripod at chest height, vertical 9:16, 26mm phone lens look, slightly wide), framed from mid-thigh up, identical framing to the start frame. The same woman as the start frame: a woman in her early thirties with an oval face, high defined cheekbones and a soft narrow chin; almond-shaped pale grey-green eyes with a thin black winged eyeliner; thin straight light-brown eyebrows; fair skin with a few faint freckles across the nose and cheeks; full soft lips in a muted rosy-beige; honey-platinum blonde hair pulled into a high sleek ponytail, curtain bangs framing her face, a few loose strands; light fresh gym makeup, with a curvy athletic hourglass physique of a fitness model who trains glutes: very full, large and round natural-looking bust, narrow cinched waist with soft visible abs lines, wide hips, large round lifted glutes, thick toned thighs, defined shoulders and lean toned arms, smooth fair skin with a light healthy sheen, wearing a glossy cherry-red seamless sculpting gym set: a plunging deep V-neck sports bra with thin crisscross straps and a very deep cleavage, and matching high-waisted scrunch-butt leggings with a contour seam that lifts and shapes the glutes, white training shoes. Working out in an upscale boutique gym at night: black rubber floor, a wall of mirrors, a chrome dumbbell rack, a padded bench and a hip-thrust machine, warm amber strip lights and a soft red neon line along the ceiling, a few blurred machines in the background, nobody else around, background softly out of focus. Warm amber practical lights mixed with a soft red neon rim light, gentle contrast, glossy highlights on the skin. Photorealistic.

ACTION: She dabs her neck and collarbone with a small black towel, tosses it over her shoulder, and returns to the pose.

STYLE: Confident and playful: slow controlled reps, glances at the camera between sets, a teasing half-smile, breathing visibly after a set; never rushed, never cartoonish.

LOOP RULES: Starts on the start frame and ends on exactly the same pose as the end frame — standing facing the camera, framed from mid-thigh up, one hand on her hip, confident half-smile at the lens. She stays fully inside the frame. Natural breathing and blinks throughout. Camera completely static. Background, outfit, body and lighting never change. No sound.","camera movement, zoom, pan, dolly, cut, scene change, morphing face, different person, changing body shape, slimmer body, changing hairstyle, changing outfit, outfit color change, extra fingers, deformed hands, extra limbs, extra people, new objects, flickering light, exposure change, text, subtitles, watermark, logo, fast jerky motion, leaving the frame, nudity, see-through fabric"
2,32_ESPECIAL_A0_danca.mp4,Especial (beat raro),A0_camera.png,A0_camera.png,8–10 s,,"SCENE LOCK — Static locked-off camera (a phone on a tripod at chest height, vertical 9:16, 26mm phone lens look, slightly wide), framed from mid-thigh up, identical framing to the start frame. The same woman as the start frame: a woman in her early thirties with an oval face, high defined cheekbones and a soft narrow chin; almond-shaped pale grey-green eyes with a thin black winged eyeliner; thin straight light-brown eyebrows; fair skin with a few faint freckles across the nose and cheeks; full soft lips in a muted rosy-beige; honey-platinum blonde hair pulled into a high sleek ponytail, curtain bangs framing her face, a few loose strands; light fresh gym makeup, with a curvy athletic hourglass physique of a fitness model who trains glutes: very full, large and round natural-looking bust, narrow cinched waist with soft visible abs lines, wide hips, large round lifted glutes, thick toned thighs, defined shoulders and lean toned arms, smooth fair skin with a light healthy sheen, wearing a glossy cherry-red seamless sculpting gym set: a plunging deep V-neck sports bra with thin crisscross straps and a very deep cleavage, and matching high-waisted scrunch-butt leggings with a contour seam that lifts and shapes the glutes, white training shoes. Working out in an upscale boutique gym at night: black rubber floor, a wall of mirrors, a chrome dumbbell rack, a padded bench and a hip-thrust machine, warm amber strip lights and a soft red neon line along the ceiling, a few blurred machines in the background, nobody else around, background softly out of focus. Warm amber practical lights mixed with a soft red neon rim light, gentle contrast, glossy highlights on the skin. Photorealistic.

ACTION: She dances for a few seconds to the gym music, hips and shoulders moving, laughing, then settles back into the pose.

STYLE: Confident and playful: slow controlled reps, glances at the camera between sets, a teasing half-smile, breathing visibly after a set; never rushed, never cartoonish.

LOOP RULES: Starts on the start frame and ends on exactly the same pose as the end frame — standing facing the camera, framed from mid-thigh up, one hand on her hip, confident half-smile at the lens. She stays fully inside the frame. Natural breathing and blinks throughout. Camera completely static. Background, outfit, body and lighting never change. No sound.","camera movement, zoom, pan, dolly, cut, scene change, morphing face, different person, changing body shape, slimmer body, changing hairstyle, changing outfit, outfit color change, extra fingers, deformed hands, extra limbs, extra people, new objects, flickering light, exposure change, text, subtitles, watermark, logo, fast jerky motion, leaving the frame, nudity, see-through fabric"
1,33_ESPECIAL_A0_tchau.mp4,Especial (beat raro),A0_camera.png,A0_camera.png,8–10 s,,"SCENE LOCK — Static locked-off camera (a phone on a tripod at chest height, vertical 9:16, 26mm phone lens look, slightly wide), framed from mid-thigh up, identical framing to the start frame. The same woman as the start frame: a woman in her early thirties with an oval face, high defined cheekbones and a soft narrow chin; almond-shaped pale grey-green eyes with a thin black winged eyeliner; thin straight light-brown eyebrows; fair skin with a few faint freckles across the nose and cheeks; full soft lips in a muted rosy-beige; honey-platinum blonde hair pulled into a high sleek ponytail, curtain bangs framing her face, a few loose strands; light fresh gym makeup, with a curvy athletic hourglass physique of a fitness model who trains glutes: very full, large and round natural-looking bust, narrow cinched waist with soft visible abs lines, wide hips, large round lifted glutes, thick toned thighs, defined shoulders and lean toned arms, smooth fair skin with a light healthy sheen, wearing a glossy cherry-red seamless sculpting gym set: a plunging deep V-neck sports bra with thin crisscross straps and a very deep cleavage, and matching high-waisted scrunch-butt leggings with a contour seam that lifts and shapes the glutes, white training shoes. Working out in an upscale boutique gym at night: black rubber floor, a wall of mirrors, a chrome dumbbell rack, a padded bench and a hip-thrust machine, warm amber strip lights and a soft red neon line along the ceiling, a few blurred machines in the background, nobody else around, background softly out of focus. Warm amber practical lights mixed with a soft red neon rim light, gentle contrast, glossy highlights on the skin. Photorealistic.

ACTION: Ending the workout: she waves goodbye with a big smile, blows a final kiss to the camera, and the hand returns to her hip.

STYLE: Confident and playful: slow controlled reps, glances at the camera between sets, a teasing half-smile, breathing visibly after a set; never rushed, never cartoonish.

LOOP RULES: Starts on the start frame and ends on exactly the same pose as the end frame — standing facing the camera, framed from mid-thigh up, one hand on her hip, confident half-smile at the lens. She stays fully inside the frame. Natural breathing and blinks throughout. Camera completely static. Background, outfit, body and lighting never change. No sound.","camera movement, zoom, pan, dolly, cut, scene change, morphing face, different person, changing body shape, slimmer body, changing hairstyle, changing outfit, outfit color change, extra fingers, deformed hands, extra limbs, extra people, new objects, flickering light, exposure change, text, subtitles, watermark, logo, fast jerky motion, leaving the frame, nudity, see-through fabric"
1,34_SEGMENTO_A0_bora_treinar.mp4,Segmento (formato de live),A0_camera.png,A0_camera.png,6–9 s,abertura,"SCENE LOCK — Static locked-off camera (a phone on a tripod at chest height, vertical 9:16, 26mm phone lens look, slightly wide), framed from mid-thigh up, identical framing to the start frame. The same woman as the start frame: a woman in her early thirties with an oval face, high defined cheekbones and a soft narrow chin; almond-shaped pale grey-green eyes with a thin black winged eyeliner; thin straight light-brown eyebrows; fair skin with a few faint freckles across the nose and cheeks; full soft lips in a muted rosy-beige; honey-platinum blonde hair pulled into a high sleek ponytail, curtain bangs framing her face, a few loose strands; light fresh gym makeup, with a curvy athletic hourglass physique of a fitness model who trains glutes: very full, large and round natural-looking bust, narrow cinched waist with soft visible abs lines, wide hips, large round lifted glutes, thick toned thighs, defined shoulders and lean toned arms, smooth fair skin with a light healthy sheen, wearing a glossy cherry-red seamless sculpting gym set: a plunging deep V-neck sports bra with thin crisscross straps and a very deep cleavage, and matching high-waisted scrunch-butt leggings with a contour seam that lifts and shapes the glutes, white training shoes. Working out in an upscale boutique gym at night: black rubber floor, a wall of mirrors, a chrome dumbbell rack, a padded bench and a hip-thrust machine, warm amber strip lights and a soft red neon line along the ceiling, a few blurred machines in the background, nobody else around, background softly out of focus. Warm amber practical lights mixed with a soft red neon rim light, gentle contrast, glossy highlights on the skin. Photorealistic.

ACTION: Starting the live: she claps her hands once, rubs them together and says ""let's go"" to the camera with energy, then a hand returns to her hip. Silent.

STYLE: Confident and playful: slow controlled reps, glances at the camera between sets, a teasing half-smile, breathing visibly after a set; never rushed, never cartoonish.

LOOP RULES: Starts on the start frame and ends on exactly the same pose as the end frame — standing facing the camera, framed from mid-thigh up, one hand on her hip, confident half-smile at the lens. She stays fully inside the frame. Natural breathing and blinks throughout. Camera completely static. Background, outfit, body and lighting never change. No sound.","camera movement, zoom, pan, dolly, cut, scene change, morphing face, different person, changing body shape, slimmer body, changing hairstyle, changing outfit, outfit color change, extra fingers, deformed hands, extra limbs, extra people, new objects, flickering light, exposure change, text, subtitles, watermark, logo, fast jerky motion, leaving the frame, nudity, see-through fabric"
1,35_SEGMENTO_A0_aquecimento.mp4,Segmento (formato de live),A0_camera.png,A0_camera.png,6–9 s,aquecimento,"SCENE LOCK — Static locked-off camera (a phone on a tripod at chest height, vertical 9:16, 26mm phone lens look, slightly wide), framed from mid-thigh up, identical framing to the start frame. The same woman as the start frame: a woman in her early thirties with an oval face, high defined cheekbones and a soft narrow chin; almond-shaped pale grey-green eyes with a thin black winged eyeliner; thin straight light-brown eyebrows; fair skin with a few faint freckles across the nose and cheeks; full soft lips in a muted rosy-beige; honey-platinum blonde hair pulled into a high sleek ponytail, curtain bangs framing her face, a few loose strands; light fresh gym makeup, with a curvy athletic hourglass physique of a fitness model who trains glutes: very full, large and round natural-looking bust, narrow cinched waist with soft visible abs lines, wide hips, large round lifted glutes, thick toned thighs, defined shoulders and lean toned arms, smooth fair skin with a light healthy sheen, wearing a glossy cherry-red seamless sculpting gym set: a plunging deep V-neck sports bra with thin crisscross straps and a very deep cleavage, and matching high-waisted scrunch-butt leggings with a contour seam that lifts and shapes the glutes, white training shoes. Working out in an upscale boutique gym at night: black rubber floor, a wall of mirrors, a chrome dumbbell rack, a padded bench and a hip-thrust machine, warm amber strip lights and a soft red neon line along the ceiling, a few blurred machines in the background, nobody else around, background softly out of focus. Warm amber practical lights mixed with a soft red neon rim light, gentle contrast, glossy highlights on the skin. Photorealistic.

ACTION: Warming up: big slow arm circles forward, then a few quick side steps in place, ending back in the pose slightly out of breath.

STYLE: Confident and playful: slow controlled reps, glances at the camera between sets, a teasing half-smile, breathing visibly after a set; never rushed, never cartoonish.

LOOP RULES: Starts on the start frame and ends on exactly the same pose as the end frame — standing facing the camera, framed from mid-thigh up, one hand on her hip, confident half-smile at the lens. She stays fully inside the frame. Natural breathing and blinks throughout. Camera completely static. Background, outfit, body and lighting never change. No sound.","camera movement, zoom, pan, dolly, cut, scene change, morphing face, different person, changing body shape, slimmer body, changing hairstyle, changing outfit, outfit color change, extra fingers, deformed hands, extra limbs, extra people, new objects, flickering light, exposure change, text, subtitles, watermark, logo, fast jerky motion, leaving the frame, nudity, see-through fabric"
2,36_SEGMENTO_A2_serie_gluteo.mp4,Segmento (formato de live),A2_lado.png,A2_lado.png,6–9 s,treino de glúteo,"SCENE LOCK — Static locked-off camera (a phone on a tripod at chest height, vertical 9:16, 26mm phone lens look, slightly wide), framed from mid-thigh up, identical framing to the start frame. The same woman as the start frame: a woman in her early thirties with an oval face, high defined cheekbones and a soft narrow chin; almond-shaped pale grey-green eyes with a thin black winged eyeliner; thin straight light-brown eyebrows; fair skin with a few faint freckles across the nose and cheeks; full soft lips in a muted rosy-beige; honey-platinum blonde hair pulled into a high sleek ponytail, curtain bangs framing her face, a few loose strands; light fresh gym makeup, with a curvy athletic hourglass physique of a fitness model who trains glutes: very full, large and round natural-looking bust, narrow cinched waist with soft visible abs lines, wide hips, large round lifted glutes, thick toned thighs, defined shoulders and lean toned arms, smooth fair skin with a light healthy sheen, wearing a glossy cherry-red seamless sculpting gym set: a plunging deep V-neck sports bra with thin crisscross straps and a very deep cleavage, and matching high-waisted scrunch-butt leggings with a contour seam that lifts and shapes the glutes, white training shoes. Working out in an upscale boutique gym at night: black rubber floor, a wall of mirrors, a chrome dumbbell rack, a padded bench and a hip-thrust machine, warm amber strip lights and a soft red neon line along the ceiling, a few blurred machines in the background, nobody else around, background softly out of focus. Warm amber practical lights mixed with a soft red neon rim light, gentle contrast, glossy highlights on the skin. Photorealistic.

ACTION: Glute set in profile: three slow sumo squats with wide stance, pausing at the bottom of each one, glancing at the camera on the last rep.

STYLE: Confident and playful: slow controlled reps, glances at the camera between sets, a teasing half-smile, breathing visibly after a set; never rushed, never cartoonish.

LOOP RULES: Starts on the start frame and ends on exactly the same pose as the end frame — standing in profile beside the bench, hands on her hips, ready to squat, head turned toward the lens. She stays fully inside the frame. Natural breathing and blinks throughout. Camera completely static. Background, outfit, body and lighting never change. No sound.","camera movement, zoom, pan, dolly, cut, scene change, morphing face, different person, changing body shape, slimmer body, changing hairstyle, changing outfit, outfit color change, extra fingers, deformed hands, extra limbs, extra people, new objects, flickering light, exposure change, text, subtitles, watermark, logo, fast jerky motion, leaving the frame, nudity, see-through fabric"
1,37_SEGMENTO_A0_meta_batida.mp4,Segmento (formato de live),A0_camera.png,A0_camera.png,6–9 s,meta batida,"SCENE LOCK — Static locked-off camera (a phone on a tripod at chest height, vertical 9:16, 26mm phone lens look, slightly wide), framed from mid-thigh up, identical framing to the start frame. The same woman as the start frame: a woman in her early thirties with an oval face, high defined cheekbones and a soft narrow chin; almond-shaped pale grey-green eyes with a thin black winged eyeliner; thin straight light-brown eyebrows; fair skin with a few faint freckles across the nose and cheeks; full soft lips in a muted rosy-beige; honey-platinum blonde hair pulled into a high sleek ponytail, curtain bangs framing her face, a few loose strands; light fresh gym makeup, with a curvy athletic hourglass physique of a fitness model who trains glutes: very full, large and round natural-looking bust, narrow cinched waist with soft visible abs lines, wide hips, large round lifted glutes, thick toned thighs, defined shoulders and lean toned arms, smooth fair skin with a light healthy sheen, wearing a glossy cherry-red seamless sculpting gym set: a plunging deep V-neck sports bra with thin crisscross straps and a very deep cleavage, and matching high-waisted scrunch-butt leggings with a contour seam that lifts and shapes the glutes, white training shoes. Working out in an upscale boutique gym at night: black rubber floor, a wall of mirrors, a chrome dumbbell rack, a padded bench and a hip-thrust machine, warm amber strip lights and a soft red neon line along the ceiling, a few blurred machines in the background, nobody else around, background softly out of focus. Warm amber practical lights mixed with a soft red neon rim light, gentle contrast, glossy highlights on the skin. Photorealistic.

ACTION: Goal reached: she jumps once with both fists up, laughs and claps, beaming at the lens, then settles back with a hand on her hip.

STYLE: Confident and playful: slow controlled reps, glances at the camera between sets, a teasing half-smile, breathing visibly after a set; never rushed, never cartoonish.

LOOP RULES: Starts on the start frame and ends on exactly the same pose as the end frame — standing facing the camera, framed from mid-thigh up, one hand on her hip, confident half-smile at the lens. She stays fully inside the frame. Natural breathing and blinks throughout. Camera completely static. Background, outfit, body and lighting never change. No sound.","camera movement, zoom, pan, dolly, cut, scene change, morphing face, different person, changing body shape, slimmer body, changing hairstyle, changing outfit, outfit color change, extra fingers, deformed hands, extra limbs, extra people, new objects, flickering light, exposure change, text, subtitles, watermark, logo, fast jerky motion, leaving the frame, nudity, see-through fabric"
2,38_SEGMENTO_A3_agradece.mp4,Segmento (formato de live),A3_perto.png,A3_perto.png,6–9 s,agradecimento,"SCENE LOCK — Static locked-off camera (a phone on a tripod at chest height, vertical 9:16, 26mm phone lens look, slightly wide), framed from mid-thigh up, identical framing to the start frame. The same woman as the start frame: a woman in her early thirties with an oval face, high defined cheekbones and a soft narrow chin; almond-shaped pale grey-green eyes with a thin black winged eyeliner; thin straight light-brown eyebrows; fair skin with a few faint freckles across the nose and cheeks; full soft lips in a muted rosy-beige; honey-platinum blonde hair pulled into a high sleek ponytail, curtain bangs framing her face, a few loose strands; light fresh gym makeup, with a curvy athletic hourglass physique of a fitness model who trains glutes: very full, large and round natural-looking bust, narrow cinched waist with soft visible abs lines, wide hips, large round lifted glutes, thick toned thighs, defined shoulders and lean toned arms, smooth fair skin with a light healthy sheen, wearing a glossy cherry-red seamless sculpting gym set: a plunging deep V-neck sports bra with thin crisscross straps and a very deep cleavage, and matching high-waisted scrunch-butt leggings with a contour seam that lifts and shapes the glutes, white training shoes. Working out in an upscale boutique gym at night: black rubber floor, a wall of mirrors, a chrome dumbbell rack, a padded bench and a hip-thrust machine, warm amber strip lights and a soft red neon line along the ceiling, a few blurred machines in the background, nobody else around, background softly out of focus. Warm amber practical lights mixed with a soft red neon rim light, gentle contrast, glossy highlights on the skin. Photorealistic.

ACTION: Leaning in, she places one hand over her heart, looks deeply into the lens with a grateful smile and gives a small slow nod.

STYLE: Confident and playful: slow controlled reps, glances at the camera between sets, a teasing half-smile, breathing visibly after a set; never rushed, never cartoonish.

LOOP RULES: Starts on the start frame and ends on exactly the same pose as the end frame — leaning in close to the camera, face and neckline filling more of the frame, warm teasing smile. She stays fully inside the frame. Natural breathing and blinks throughout. Camera completely static. Background, outfit, body and lighting never change. No sound.","camera movement, zoom, pan, dolly, cut, scene change, morphing face, different person, changing body shape, slimmer body, changing hairstyle, changing outfit, outfit color change, extra fingers, deformed hands, extra limbs, extra people, new objects, flickering light, exposure change, text, subtitles, watermark, logo, fast jerky motion, leaving the frame, nudity, see-through fabric"
